"","ID","Description","GeneRatio","BgRatio","pvalue","p.adjust","qvalue","geneID","Count"
"GO:0022626","GO:0022626","cytosolic ribosome","59/412","86/5202",4.53629867649333e-46,1.88710024942123e-43,1.55189165248456e-43,"RPS8/RPS13/RPL8/RPL24/RPL13A/RPLP1/RPS15/RPL37A/RPL35/RPS21/RPL35A/RPS5/RPS12/RPS11/RPL36/RPS9/RPL34/RPL23/RPS18/RPL3/RPS27/RPL12/RPL19/RPL11/RPS27A/RPL10A/RPS28/RPL13/RPS25/RPL27A/RPLP0/RPS4X/RPS19/RPS3A/RPL31/RPL32/RPSA/RPS2/RPL5/RPS6/RPLP2/RPS16/RPL10/RPL18/RPS3/RPL29/RPS4Y1/RPL9/RPL23A/APOD/RPL14/RPL30/ISG15/RPL28/RPS7/UBA52/RPL27/RPL7A/RPL41",59
"GO:0044391","GO:0044391","ribosomal subunit","61/412","136/5202",1.34272737641705e-32,2.79287294294746e-30,2.29677051229232e-30,"RPS8/RPS13/RPL8/RPL24/RPL13A/RPLP1/RPS15/RPL37A/RPL35/RPS21/RPL35A/RPS5/RPS12/RPS11/RPL36/RPS9/RPL34/RPL23/RPS18/RPL3/RPS27/RPL12/RPL19/RPL11/RPS27A/RPL10A/RPS28/RPL13/RPS25/RPL27A/RPLP0/RPS4X/RPS19/RPS3A/RPL31/RPL32/RPSA/RPS2/RPL5/RPS6/RPLP2/RPS16/RPL10/RPL18/RPS3/MRPL41/RACK1/RPL29/RPS4Y1/RPL9/MRPS26/RPL23A/RPL14/RPL30/ISG15/RPL28/RPS7/UBA52/RPL27/RPL7A/RPL41",61
"GO:0005840","GO:0005840","ribosome","63/412","157/5202",3.1577755221938e-30,4.37878205744206e-28,3.60097208671222e-28,"RPS8/RPS13/RPL8/RPL24/RPL13A/RPLP1/RPS15/RPL37A/RPL35/RPS21/RPL35A/RPS5/RPS12/RPS11/RPL36/RPS9/RPL34/RPL23/RPS18/RPL3/RPS27/RPL12/RPL19/RPL11/RPS27A/RPL10A/RPS28/RPL13/RPS25/RPL27A/RPLP0/RPS4X/RPS19/RPS3A/RPL31/RPL32/RPSA/RPS2/RPL5/RPS6/RPLP2/RPS16/RPL10/RPL18/EEF2/RPS3/MRPL41/RACK1/RPL29/RPS4Y1/RPL9/MRPS26/RPL23A/APOD/RPL14/RPL30/ISG15/RPL28/RPS7/UBA52/RPL27/RPL7A/RPL41",63
"GO:0022625","GO:0022625","cytosolic large ribosomal subunit","34/412","51/5202",4.17138796809989e-26,4.33824348682389e-24,3.56763444640122e-24,"RPL8/RPL24/RPL13A/RPLP1/RPL37A/RPL35/RPL35A/RPL36/RPL34/RPL23/RPL3/RPL12/RPL19/RPL11/RPL10A/RPL13/RPL27A/RPLP0/RPL31/RPL32/RPL5/RPLP2/RPL10/RPL18/RPL29/RPL9/RPL23A/RPL14/RPL30/RPL28/UBA52/RPL27/RPL7A/RPL41",34
"GO:0022627","GO:0022627","cytosolic small ribosomal subunit","25/412","35/5202",1.28922606300315e-20,1.07263608441862e-18,8.82102043107417e-19,"RPS8/RPS13/RPS15/RPS21/RPS5/RPS12/RPS11/RPS9/RPS18/RPS27/RPS27A/RPS28/RPS25/RPS4X/RPS19/RPS3A/RPSA/RPS2/RPS6/RPS16/RPS3/RPS4Y1/ISG15/RPS7/UBA52",25
"GO:0015935","GO:0015935","small ribosomal subunit","27/412","50/5202",1.60726304518674e-17,1.11436904466281e-15,9.16421911729284e-16,"RPS8/RPS13/RPS15/RPS21/RPS5/RPS12/RPS11/RPS9/RPS18/RPS27/RPS27A/RPS28/RPS25/RPS4X/RPS19/RPS3A/RPSA/RPS2/RPS6/RPS16/RPS3/RACK1/RPS4Y1/MRPS26/ISG15/RPS7/UBA52",27
"GO:0015934","GO:0015934","large ribosomal subunit","35/412","88/5202",6.07586999993825e-17,3.61080274282045e-15,2.96941015034576e-15,"RPL8/RPL24/RPL13A/RPLP1/RPL37A/RPL35/RPL35A/RPL36/RPL34/RPL23/RPL3/RPL12/RPL19/RPL11/RPL10A/RPL13/RPL27A/RPLP0/RPL31/RPL32/RPL5/RPLP2/RPL10/RPL18/MRPL41/RPL29/RPL9/RPL23A/RPL14/RPL30/RPL28/UBA52/RPL27/RPL7A/RPL41",35
"GO:1990904","GO:1990904","ribonucleoprotein complex","76/412","364/5202",2.79448177139023e-16,1.45313052112292e-14,1.19500865223924e-14,"RPS8/RPS13/RPL8/RPL24/RPL13A/RPLP1/RPS15/RPL37A/RPL35/RPS21/RPL35A/CALR/RPS5/RPS12/RPS11/RPL36/RPS9/RPL34/HSPA8/RPL23/RPS18/RPL3/RPS27/RPL12/RPL19/RPL11/ACTB/RPS27A/RPL10A/ZFP36/RPS28/RPL13/RPS25/RPL27A/RPLP0/RPS4X/RPS19/RPS3A/RPL31/RPL32/RPSA/RPS2/RPL5/RPS6/RPLP2/RPS16/RPL10/RPL18/EEF2/YBX1/RPS3/HDLBP/NOP10/MRPL41/SNRPD2/RACK1/RPL29/RPS4Y1/RPL9/MRPS26/RPL23A/PABPC1/RPL14/RPL30/GAPDH/RN7SL1/ISG15/RPL28/RPS7/UBA52/RPL27/SRP14/ZFP36L1/RPL7A/RPL41/HSPA1B",76
"GO:0072562","GO:0072562","blood microparticle","32/412","78/5202",4.74572560263008e-16,2.19357983410457e-14,1.80393078462547e-14,"ACTG1/HSPA8/PFN1/ACTG2/CLU/ACTB/LGALS3BP/IGHG1/IGKC/IGLC2/IGHM/IGHG4/IGHG3/IGKV3-20/IGLV3-21/JCHAIN/IGKV3-15/IGKV1-5/IGKV2-30/IGHA1/IGHV3-23/IGHA2/IGHG2/IGLV3-25/IGLC3/IGHV3-7/ACTA1/ORM1/FN1/AGT/HSPA6/HSPA1B",32
"GO:0019814","GO:0019814","immunoglobulin complex","35/412","104/5202",2.57372769267727e-14,1.07067072015374e-12,8.80485789600118e-13,"IGHG1/IGKC/IGLC2/IGLV3-19/IGLV1-44/IGHV3-30/IGHM/IGHV4-39/IGHG4/IGHG3/IGHV5-51/IGKV3-20/IGLV2-14/IGKJ1/IGLV1-40/IGLV3-21/JCHAIN/IGHV3-73/IGHV4-4/IGHV4-34/IGKV3-15/IGKV1-5/IGKV2-30/IGLV2-11/IGHA1/IGHV3-23/IGHA2/IGHG2/IGLV3-25/IGLC3/IGKV1-6/IGLV2-23/IGHV1-3/IGKV1-16/IGHV3-7",35
"GO:0005925","GO:0005925","focal adhesion","58/412","268/5202",3.1354643673529e-13,1.18577561528983e-11,9.75144420468607e-12,"RPS8/YWHAE/RPS13/RPL8/ACTG1/RPL13A/RPLP1/RPS15/RPL37A/CALR/RPS5/P4HB/RPS11/RPS9/HSPA8/RPL23/RPS18/RPL3/HSPA5/B2M/PFN1/CNN1/FLNA/RPL12/RPL19/ACTB/RPL10A/ALOX15B/RPLP0/RPS4X/RPS19/RPS3A/RPL31/RPS2/RPL5/RPLP2/RPS16/RPL18/SDC4/RPS3/RPL9/PABPC1/RPL30/HSPB1/ARF1/RPS7/GNB2/RPL27/RHOU/PDIA3/RHOB/YWHAQ/RPL7A/CAV1/FHL1/SYNPO2/HSPA1B/CORO1B",58
"GO:0030055","GO:0030055","cell-substrate junction","58/412","271/5202",5.20933550524325e-13,1.80590297515099e-11,1.48511757824917e-11,"RPS8/YWHAE/RPS13/RPL8/ACTG1/RPL13A/RPLP1/RPS15/RPL37A/CALR/RPS5/P4HB/RPS11/RPS9/HSPA8/RPL23/RPS18/RPL3/HSPA5/B2M/PFN1/CNN1/FLNA/RPL12/RPL19/ACTB/RPL10A/ALOX15B/RPLP0/RPS4X/RPS19/RPS3A/RPL31/RPS2/RPL5/RPLP2/RPS16/RPL18/SDC4/RPS3/RPL9/PABPC1/RPL30/HSPB1/ARF1/RPS7/GNB2/RPL27/RHOU/PDIA3/RHOB/YWHAQ/RPL7A/CAV1/FHL1/SYNPO2/HSPA1B/CORO1B",58
"GO:0005844","GO:0005844","polysome","21/412","43/5202",9.40312705328625e-13,3.0090006570516e-11,2.47450711928586e-11,"RPL8/RPL24/RPS21/CALR/RPL36/RPL19/RPL11/RPL10A/RPS28/RPS4X/RPL31/RPL32/RPS6/RPL18/EEF2/RPS3/HDLBP/RPS4Y1/RPL30/RPL7A/RPL41",21
"GO:0098552","GO:0098552","side of membrane","51/412","236/5202",1.05793002308623e-11,3.1435634971705e-10,2.5851673496468e-10,"CALR/P4HB/HSPA8/KRT18/CD24/B2M/CD74/HLA-DRA/EEF1A1/HLA-C/ANPEP/RPS28/IGHG1/EEF1A2/IGKC/GP2/ABCC4/TRGC1/IGLC2/AZGP1/IGHV3-30/BCAM/IGHM/IGHV4-39/IGHG4/IGHG3/IGHV5-51/HLA-DRB1/IGHV3-73/IGHV4-4/IGHV4-34/HLA-B/IGHA1/IGHV3-23/IGHA2/IGHG2/IGLC3/HLA-E/IGHV1-3/IGHV3-7/GNB2/RPL27/TRPM8/ERRFI1/B4GALT1/AQP2/SERPINA5/HLA-DRB5/CDH1/HLA-A/GNAS",51
"GO:0042788","GO:0042788","polysomal ribosome","15/412","26/5202",8.13154860897747e-11,2.25514948088975e-09,1.85456371783697e-09,"RPL8/RPL24/RPS21/RPL36/RPL19/RPL11/RPL10A/RPS28/RPL31/RPL32/RPL18/EEF2/RPL30/RPL7A/RPL41",15
"GO:0070161","GO:0070161","anchoring junction","72/412","430/5202",1.90054180528296e-10,4.94140869373569e-09,4.06365846524317e-09,"RPS8/YWHAE/RPS13/RPL8/ACTG1/RPL13A/RPLP1/RPS15/RPL37A/S100A11/CALR/RPS5/P4HB/RPS11/RPS9/HSPA8/RPL23/KRT18/DES/RPS18/RPL3/HSPA5/B2M/PFN1/CNN1/FLNA/RPL12/RPL19/ACTB/RPL10A/ALOX15B/CLDN4/CLDN3/RPLP0/RPS4X/RPS19/RPS3A/RPL31/RPS2/RPL5/RPLP2/RPS16/RPL18/SDC4/RPS3/KRT8/RPL9/PABPC1/PDLIM5/RPL30/HSPB1/ARF1/RPS7/GNB2/RPL27/RHOU/STEAP1/PDIA3/EIF4G2/B4GALT1/RHOB/AQP3/YWHAQ/RPL7A/CDH1/SYNM/CAV1/FHL1/SYNPO2/CLIC4/HSPA1B/CORO1B",72
"GO:0042571","GO:0042571","immunoglobulin complex, circulating","21/412","55/5202",3.06685332757132e-10,7.50477049570392e-09,6.17168626291441e-09,"IGHG1/IGKC/IGLC2/IGHV3-30/IGHM/IGHV4-39/IGHG4/IGHG3/IGHV5-51/IGKV3-20/JCHAIN/IGHV3-73/IGHV4-4/IGHV4-34/IGHA1/IGHV3-23/IGHA2/IGHG2/IGLC3/IGHV1-3/IGHV3-7",21
"GO:0009897","GO:0009897","external side of plasma membrane","36/412","152/5202",1.02839058996597e-09,2.37672491903247e-08,1.95454351894118e-08,"CALR/P4HB/KRT18/CD24/B2M/CD74/ANPEP/IGHG1/IGKC/GP2/ABCC4/TRGC1/IGLC2/AZGP1/IGHV3-30/BCAM/IGHM/IGHV4-39/IGHG4/IGHG3/IGHV5-51/HLA-DRB1/IGHV3-73/IGHV4-4/IGHV4-34/IGHA1/IGHV3-23/IGHA2/IGHG2/IGLC3/HLA-E/IGHV1-3/IGHV3-7/TRPM8/B4GALT1/SERPINA5",36
"GO:0009986","GO:0009986","cell surface","60/412","344/5202",1.56450289421021e-09,3.42543791574447e-08,2.8169719701846e-08,"CD63/ENO1/CALR/P4HB/HSP90AB1/KRT18/CD24/HSPA5/B2M/SPARC/LGALS1/CD74/LTF/CLU/HLA-DRA/HLA-C/ANPEP/IGHG1/SDC4/SLC39A6/IGKC/GP2/CLSTN1/ABCC4/TRGC1/IGLC2/AZGP1/MMP7/PLAT/IGHV3-30/BST2/BCAM/IGHM/IGHV4-39/IGHG4/IGHG3/IGHV5-51/HLA-DRB1/IGHV3-73/IGHV4-4/IGHV4-34/HLA-B/IGHA1/IGHV3-23/IGHA2/IGHG2/IGLC3/HLA-E/IGHV1-3/IGHV3-7/PDIA3/TRPM8/B4GALT1/SERPINA5/ERP29/PDIA4/PTN/ATP5F1B/CLIC4/HLA-A",60
"GO:0098576","GO:0098576","lumenal side of membrane","11/412","24/5202",6.54198140796733e-07,1.3607321328572e-05,1.11902313557336e-05,"CALR/HSPA8/CD74/HLA-DRA/HLA-C/HLA-DRB1/HLA-B/HLA-E/AQP2/HLA-DRB5/HLA-A",11
"GO:0030141","GO:0030141","secretory granule","59/412","406/5202",1.8269449625043e-06,3.61909097334184e-05,2.97622612939296e-05,"HSP90AA1/CD63/S100A11/KLK2/PSAP/KLK3/ACP3/CALR/TMSB4X/HSP90AB1/HSPA8/FTL/B2M/TIMP1/SPARC/LTF/CLU/EEF1A1/LGALS3BP/HLA-C/KLK4/ANPEP/CRISP3/NPY/ACLY/EEF2/CD177/GP2/PYGB/ABCC4/TUBB4B/SCGB1A1/APLP2/SFTPA2/PLAT/CANT1/KLK11/BST2/HLA-B/LYZ/LCN2/VAMP8/KLK14/SRP14/B4GALT1/S100P/CST3/SPINK2/SERPINA5/CHGA/DPP7/KLK12/ORM1/CFD/FN1/COL1A1/CAV1/HSPA6/HSPA1B",59
"GO:0042611","GO:0042611","MHC protein complex","9/412","19/5202",5.07408755209177e-06,9.59463828031899e-05,7.89032753315706e-05,"B2M/CD74/HLA-DRA/HLA-C/HLA-DRB1/HLA-B/HLA-E/HLA-DRB5/HLA-A",9
"GO:0071556","GO:0071556","integral component of lumenal side of endoplasmic reticulum membrane","9/412","20/5202",8.58530032945454e-06,0.000148811872377212,0.000122378184520734,"CALR/CD74/HLA-DRA/HLA-C/HLA-DRB1/HLA-B/HLA-E/HLA-DRB5/HLA-A",9
"GO:0098553","GO:0098553","lumenal side of endoplasmic reticulum membrane","9/412","20/5202",8.58530032945454e-06,0.000148811872377212,0.000122378184520734,"CALR/CD74/HLA-DRA/HLA-C/HLA-DRB1/HLA-B/HLA-E/HLA-DRB5/HLA-A",9
"GO:0043292","GO:0043292","contractile fiber","26/412","132/5202",9.71038166523809e-06,0.000161580750909562,0.000132878906997995,"ACTG1/ENO1/DES/MYL9/MYH11/ACTA2/TPM2/FLNA/LMOD1/KRT19/SDC4/KRT8/PDLIM5/TCAP/MYL2/TNNC1/MYH7/HSPB1/ARF1/MYL1/MYH3/ACTA1/SYNM/CALD1/SYNPO2/TPM1",26
"GO:0099503","GO:0099503","secretory vesicle","61/412","450/5202",1.2214861726116e-05,0.000195437787617856,0.000160721864817316,"HSP90AA1/CD63/S100A11/KLK2/PSAP/KLK3/ACP3/CALR/TMSB4X/HSP90AB1/HSPA8/FTL/B2M/TIMP1/SPARC/LTF/CLU/EEF1A1/LGALS3BP/HLA-C/KLK4/ANPEP/CRISP3/NPY/ACLY/EEF2/TMED9/CD177/GP2/PYGB/ABCC4/TUBB4B/SCGB1A1/APLP2/SFTPA2/PLAT/CANT1/KLK11/BST2/HLA-B/LYZ/LCN2/VAMP8/KLK14/SRP14/B4GALT1/CLTA/S100P/CST3/SPINK2/SERPINA5/CHGA/DPP7/KLK12/ORM1/CFD/FN1/COL1A1/CAV1/HSPA6/HSPA1B",61
"GO:0030016","GO:0030016","myofibril","24/412","126/5202",3.83156398912682e-05,0.000590344673880281,0.000485480817335757,"ACTG1/ENO1/DES/MYL9/TPM2/FLNA/LMOD1/KRT19/SDC4/KRT8/PDLIM5/TCAP/MYL2/TNNC1/MYH7/HSPB1/ARF1/MYL1/MYH3/ACTA1/SYNM/CALD1/SYNPO2/TPM1",24
"GO:0034774","GO:0034774","secretory granule lumen","28/412","179/5202",0.000328693031703049,0.00471504486856788,0.00387750400375648,"HSP90AA1/S100A11/TMSB4X/HSP90AB1/HSPA8/FTL/B2M/TIMP1/SPARC/LTF/CLU/EEF1A1/LGALS3BP/CRISP3/ACLY/EEF2/PYGB/TUBB4B/CANT1/LYZ/LCN2/SRP14/S100P/DPP7/ORM1/CFD/FN1/HSPA6",28
"GO:0060205","GO:0060205","cytoplasmic vesicle lumen","28/412","179/5202",0.000328693031703049,0.00471504486856788,0.00387750400375648,"HSP90AA1/S100A11/TMSB4X/HSP90AB1/HSPA8/FTL/B2M/TIMP1/SPARC/LTF/CLU/EEF1A1/LGALS3BP/CRISP3/ACLY/EEF2/PYGB/TUBB4B/CANT1/LYZ/LCN2/SRP14/S100P/DPP7/ORM1/CFD/FN1/HSPA6",28
"GO:0031983","GO:0031983","vesicle lumen","28/412","180/5202",0.000361193848330241,0.005008554696846,0.00411887721780099,"HSP90AA1/S100A11/TMSB4X/HSP90AB1/HSPA8/FTL/B2M/TIMP1/SPARC/LTF/CLU/EEF1A1/LGALS3BP/CRISP3/ACLY/EEF2/PYGB/TUBB4B/CANT1/LYZ/LCN2/SRP14/S100P/DPP7/ORM1/CFD/FN1/HSPA6",28
"GO:0030312","GO:0030312","external encapsulating structure","34/412","238/5202",0.000453038474532038,0.00588950016891649,0.00484333895470106,"S100A10/PSAP/CALR/TIMP1/SPARC/LGALS1/CLU/LGALS3BP/COL1A2/AEBP1/GDF15/CCN1/CRISP3/TGM4/IGFBP7/FMOD/CCN2/AZGP1/MMP7/MDK/BCAM/MGP/MUC6/SERPINA5/COL9A2/SPON2/ORM1/PTN/FN1/SPOCK2/AGT/COL3A1/COL1A1/SPARCL1",34
"GO:0031012","GO:0031012","extracellular matrix","34/412","238/5202",0.000453038474532038,0.00588950016891649,0.00484333895470106,"S100A10/PSAP/CALR/TIMP1/SPARC/LGALS1/CLU/LGALS3BP/COL1A2/AEBP1/GDF15/CCN1/CRISP3/TGM4/IGFBP7/FMOD/CCN2/AZGP1/MMP7/MDK/BCAM/MGP/MUC6/SERPINA5/COL9A2/SPON2/ORM1/PTN/FN1/SPOCK2/AGT/COL3A1/COL1A1/SPARCL1",34
"GO:0030017","GO:0030017","sarcomere","20/412","115/5202",0.000594750544432094,0.00749746140859852,0.00616567550049221,"ENO1/DES/MYL9/TPM2/FLNA/LMOD1/KRT19/KRT8/PDLIM5/TCAP/MYL2/TNNC1/MYH7/HSPB1/ARF1/MYL1/MYH3/ACTA1/SYNPO2/TPM1",20
"GO:0062023","GO:0062023","collagen-containing extracellular matrix","29/412","202/5202",0.00109355039859352,0.0133799107592619,0.0110032160849193,"S100A10/PSAP/CALR/TIMP1/SPARC/LGALS1/CLU/LGALS3BP/COL1A2/AEBP1/GDF15/CCN1/TGM4/IGFBP7/FMOD/CCN2/AZGP1/MDK/BCAM/MGP/SERPINA5/COL9A2/ORM1/PTN/FN1/AGT/COL3A1/COL1A1/SPARCL1",29
"GO:0030139","GO:0030139","endocytic vesicle","22/412","141/5202",0.00146317894361742,0.0167514171259256,0.0137758364522415,"HSP90AA1/ACTG1/CALR/B2M/SPARC/CD74/LTF/HLA-DRA/RPS27A/HLA-C/UBB/SFTPA2/HLA-DRB1/HLA-B/HLA-E/VAMP8/UBA52/PDIA3/CLTA/HLA-DRB5/CAV1/HLA-A",22
"GO:0140534","GO:0140534","endoplasmic reticulum protein-containing complex","14/412","73/5202",0.00148103158498384,0.0167514171259256,0.0137758364522415,"CALR/P4HB/RPN2/HSPA5/B2M/OST4/DAD1/GANAB/SEC11C/SEC61A1/PDIA3/SSR4/SEC61B/HLA-A",14
"GO:0016459","GO:0016459","myosin complex","7/412","23/5202",0.00148990969629627,0.0167514171259256,0.0137758364522415,"MYL9/MYH11/MYL2/MYH7/MYL1/MYH3/MYL6",7
"GO:0099572","GO:0099572","postsynaptic specialization","18/412","107/5202",0.00164068864607692,0.0179612230728421,0.0147707426585873,"RPS13/RPL8/HSPA8/RPL23/RPS18/ND2/RPS27/RPL12/RPL10A/RPS25/RPLP0/RPS19/RPS3/CLSTN1/PDLIM5/RPL14/RPL30/ARF1",18
"GO:0030176","GO:0030176","integral component of endoplasmic reticulum membrane","15/412","84/5202",0.002149810385881,0.0229313107827307,0.0188579858410615,"CALR/HSPA5/B2M/CD74/HLA-DRA/HLA-C/SCD/HLA-DRB1/HLA-B/HLA-E/SEC61A1/PDIA3/HLA-DRB5/DPM3/HLA-A",15
"GO:0005791","GO:0005791","rough endoplasmic reticulum","10/412","45/5202",0.00222957564690093,0.0231875867277696,0.0190687390853369,"RPS21/RPN2/RPS28/RPL18/SCGB1A1/SFTPA2/RPL27/SEC61A1/SSR4/SEC61B",10
"GO:0016460","GO:0016460","myosin II complex","5/412","13/5202",0.00229399482579671,0.0232756548178397,0.0191411635015129,"MYL9/MYH11/MYH7/MYL1/MYH3",5
"GO:0014069","GO:0014069","postsynaptic density","17/412","102/5202",0.00242781189960418,0.0240468988151271,0.0197754102098085,"RPS13/RPL8/RPL23/RPS18/ND2/RPS27/RPL12/RPL10A/RPS25/RPLP0/RPS19/RPS3/CLSTN1/PDLIM5/RPL14/RPL30/ARF1",17
"GO:0005788","GO:0005788","endoplasmic reticulum lumen","24/412","166/5202",0.00262684053179871,0.0254131549122851,0.0208989760791819,"CALR/P4HB/HSPA5/B2M/TIMP1/LGALS1/CLU/COL1A2/CCN1/GANAB/GOLM1/IGFBP7/APLP2/PDIA3/CST3/PTGS2/ERP29/COL9A2/PDIA4/FN1/COL3A1/FSTL1/COL1A1/SPARCL1",24
"GO:0012507","GO:0012507","ER to Golgi transport vesicle membrane","9/412","39/5202",0.00279111636568596,0.0263887365483036,0.0217012636088023,"B2M/CD74/HLA-DRA/HLA-C/HLA-DRB1/HLA-B/HLA-E/HLA-DRB5/HLA-A",9
"GO:0032279","GO:0032279","asymmetric synapse","17/412","104/5202",0.00300052807590451,0.027738215101695,0.0228110321559992,"RPS13/RPL8/RPL23/RPS18/ND2/RPS27/RPL12/RPL10A/RPS25/RPLP0/RPS19/RPS3/CLSTN1/PDLIM5/RPL14/RPL30/ARF1",17
"GO:0030666","GO:0030666","endocytic vesicle membrane","15/412","87/5202",0.0030680190999881,0.027745564034675,0.0228170756864103,"CALR/B2M/CD74/HLA-DRA/RPS27A/HLA-C/UBB/HLA-DRB1/HLA-B/HLA-E/VAMP8/UBA52/HLA-DRB5/CAV1/HLA-A",15
"GO:0005865","GO:0005865","striated muscle thin filament","5/412","14/5202",0.0033391602380157,0.0289393887294694,0.0237988394156821,"TPM2/LMOD1/TNNC1/ACTA1/TPM1",5
"GO:0042613","GO:0042613","MHC class II protein complex","5/412","14/5202",0.0033391602380157,0.0289393887294694,0.0237988394156821,"B2M/CD74/HLA-DRA/HLA-DRB1/HLA-DRB5",5
"GO:0031227","GO:0031227","intrinsic component of endoplasmic reticulum membrane","15/412","88/5202",0.00343781131540417,0.0291863164736354,0.024001904994766,"CALR/HSPA5/B2M/CD74/HLA-DRA/HLA-C/SCD/HLA-DRB1/HLA-B/HLA-E/SEC61A1/PDIA3/HLA-DRB5/DPM3/HLA-A",15
"GO:0042470","GO:0042470","melanosome","13/412","72/5202",0.00377329626406427,0.0307782597225635,0.0253110688507923,"YWHAE/HSP90AA1/CD63/P4HB/HSP90AB1/HSPA8/HSPA5/MYH11/FASN/GANAB/PDIA3/ERP29/PDIA4",13
"GO:0048770","GO:0048770","pigment granule","13/412","72/5202",0.00377329626406427,0.0307782597225635,0.0253110688507923,"YWHAE/HSP90AA1/CD63/P4HB/HSP90AB1/HSPA8/HSPA5/MYH11/FASN/GANAB/PDIA3/ERP29/PDIA4",13
"GO:0005747","GO:0005747","mitochondrial respiratory chain complex I","7/412","27/5202",0.00409185191535034,0.0315224147552915,0.0259230384500752,"NDUFB7/ND1/NDUFS5/ND4L/NDUFA1/ND2/ND5",7
"GO:0030964","GO:0030964","NADH dehydrogenase complex","7/412","27/5202",0.00409185191535034,0.0315224147552915,0.0259230384500752,"NDUFB7/ND1/NDUFS5/ND4L/NDUFA1/ND2/ND5",7
"GO:0045271","GO:0045271","respiratory chain complex I","7/412","27/5202",0.00409185191535034,0.0315224147552915,0.0259230384500752,"NDUFB7/ND1/NDUFS5/ND4L/NDUFA1/ND2/ND5",7
"GO:0036379","GO:0036379","myofilament","5/412","15/5202",0.00468760090304009,0.0354553086484487,0.0291573261911585,"TPM2/LMOD1/TNNC1/ACTA1/TPM1",5
"GO:0098984","GO:0098984","neuron to neuron synapse","17/412","109/5202",0.00493747783844832,0.0366784067999018,0.0301631634867613,"RPS13/RPL8/RPL23/RPS18/ND2/RPS27/RPL12/RPL10A/RPS25/RPLP0/RPS19/RPS3/CLSTN1/PDLIM5/RPL14/RPL30/ARF1",17
"GO:0031901","GO:0031901","early endosome membrane","11/412","59/5202",0.00582300095707303,0.0424976911954804,0.0349487592068095,"PMEPA1/B2M/HLA-DRA/IFITM3/HLA-C/OR51E2/HLA-B/HLA-E/VAMP8/CAV1/HLA-A",11
"GO:0070469","GO:0070469","respirasome","11/412","60/5202",0.00663793087639417,0.0473289007701484,0.0389217933965036,"COX8A/NDUFB7/ND1/ND6/NDUFS5/ND4L/NDUFA1/ND2/ND5/UQCRQ/C15orf48",11
"GO:0099512","GO:0099512","supramolecular fiber","40/412","341/5202",0.00671251236884317,0.0473289007701484,0.0389217933965036,"ACTG1/ENO1/KRT18/DES/MYL9/KRT15/MYH11/ACTG2/ACTA2/TPM2/FLNA/LMOD1/ACTB/COL1A2/KRT19/SDC4/TUBB4B/DCXR/KRT8/PDLIM5/TCAP/MYL2/TNNC1/MYH7/HSPB1/ARF1/HLA-DRB1/TPT1/MYL1/MYH3/ACTA1/KRT17/COL3A1/RASSF3/COL1A1/SYNM/CALD1/SYNPO2/TPM1/CORO1B",40
"GO:0031091","GO:0031091","platelet alpha granule","9/412","45/5202",0.00764229870853229,0.0529866043791572,0.043574510180228,"TMSB4X/TIMP1/SPARC/CLU/APLP2/SERPINA5/ORM1/CFD/FN1",9
"GO:0099081","GO:0099081","supramolecular polymer","40/412","344/5202",0.00777668998296406,0.0530344759493942,0.0436138782478571,"ACTG1/ENO1/KRT18/DES/MYL9/KRT15/MYH11/ACTG2/ACTA2/TPM2/FLNA/LMOD1/ACTB/COL1A2/KRT19/SDC4/TUBB4B/DCXR/KRT8/PDLIM5/TCAP/MYL2/TNNC1/MYH7/HSPB1/ARF1/HLA-DRB1/TPT1/MYL1/MYH3/ACTA1/KRT17/COL3A1/RASSF3/COL1A1/SYNM/CALD1/SYNPO2/TPM1/CORO1B",40
"GO:0045202","GO:0045202","synapse","47/412","419/5202",0.00791728781588258,0.0531224472807605,0.0436862230927307,"YWHAE/RPS13/RPL8/RPL24/ACTG1/RPS15/RPS21/RPS9/HSPA8/RPL23/DES/RPS18/PFN1/ND2/SPARC/CLU/FLNA/RPS27/RPL12/RPL19/ACTB/RPL10A/NR4A1/NPY/RPS25/RPLP0/RPS4X/RPS19/RPL5/EEF1A2/EEF2/RPS3/TMED9/CLSTN1/PPP1R1B/PDLIM5/RPL14/RPL30/PLAT/ARF1/RPS7/CLTA/YWHAQ/PTN/CHRNA2/CDH1/SPARCL1",47
"GO:0099080","GO:0099080","supramolecular complex","49/412","443/5202",0.00877258649384492,0.0555570714449638,0.0456883811225032,"ACTG1/ENO1/KRT18/DES/MYL9/KRT15/MYH11/ACTG2/ACTA2/TPM2/FLNA/LMOD1/ACTB/COL1A2/KRT19/ZFP36/RPLP0/RPS4X/RPS6/YBX1/SDC4/TUBB4B/DCXR/KRT8/PABPC1/PDLIM5/TCAP/MYL2/TNNC1/MYH7/HSPB1/ARF1/RPL28/HLA-DRB1/TPT1/MYL1/MYH3/ACTA1/KRT17/ZFP36L1/COL3A1/RASSF3/COL1A1/SYNM/CALD1/SYNPO2/TPM1/CSDE1/CORO1B",49
"GO:0005746","GO:0005746","mitochondrial respirasome","10/412","54/5202",0.00881434306578753,0.0555570714449638,0.0456883811225032,"COX8A/NDUFB7/ND1/NDUFS5/ND4L/NDUFA1/ND2/ND5/UQCRQ/C15orf48",10
"GO:0030134","GO:0030134","COPII-coated ER to Golgi transport vesicle","10/412","54/5202",0.00881434306578753,0.0555570714449638,0.0456883811225032,"B2M/CD74/HLA-DRA/HLA-C/TMED9/HLA-DRB1/HLA-B/HLA-E/HLA-DRB5/HLA-A",10
"GO:0098803","GO:0098803","respiratory chain complex","10/412","54/5202",0.00881434306578753,0.0555570714449638,0.0456883811225032,"COX8A/NDUFB7/ND1/NDUFS5/ND4L/NDUFA1/ND2/ND5/UQCRQ/C15orf48",10
"GO:0005882","GO:0005882","intermediate filament","8/412","39/5202",0.0100029954750459,0.06210815100924,0.0510757820799671,"KRT18/DES/KRT15/KRT19/KRT8/HLA-DRB1/KRT17/SYNM",8
"GO:0098794","GO:0098794","postsynapse","25/412","195/5202",0.0104493346600228,0.0639253414495514,0.0525701821131179,"RPS13/RPL8/HSPA8/RPL23/RPS18/ND2/FLNA/RPS27/RPL12/ACTB/RPL10A/RPS25/RPLP0/RPS19/RPS3/CLSTN1/PPP1R1B/PDLIM5/RPL14/RPL30/ARF1/CLTA/PTN/CHRNA2/CDH1",25
"GO:1990204","GO:1990204","oxidoreductase complex","10/412","56/5202",0.0113829686699385,0.0683222615933499,0.056186070389268,"NDUFB7/P4HB/ND1/NDUFS5/ND4L/NDUFA1/ND2/ND5/UQCRQ/GMPR",10
"GO:0032982","GO:0032982","myosin filament","4/412","12/5202",0.0114965344027271,0.0683222615933499,0.056186070389268,"MYH11/ACTG2/MYH7/MYH3",4
"GO:0015629","GO:0015629","actin cytoskeleton","28/412","228/5202",0.0122516780590771,0.0717844798954379,0.0590332893876956,"ACTG1/MYL9/MYH11/ACTG2/ACTA2/TPM2/FLNA/LMOD1/EEF1A1/ACTB/KRT19/H1-0/PDLIM5/MYL2/TNNC1/MYH7/RHOU/MYL1/MYH3/ACTA1/MYL6/CDH1/DSTN/CALD1/SYNPO2/TPM1/CLIC4/CORO1B",28
"GO:1904724","GO:1904724","tertiary granule lumen","7/412","34/5202",0.0153283163112632,0.0876216976874213,0.0720573171771556,"B2M/LTF/CRISP3/CANT1/LYZ/CST3/ORM1",7
"GO:0016327","GO:0016327","apicolateral plasma membrane","4/412","13/5202",0.015586551992474,0.0876216976874213,0.0720573171771556,"KRT19/CLDN4/CLDN3/KRT8",4
"GO:0071682","GO:0071682","endocytic vesicle lumen","4/412","13/5202",0.015586551992474,0.0876216976874213,0.0720573171771556,"HSP90AA1/CALR/SPARC/LTF",4
"GO:0030867","GO:0030867","rough endoplasmic reticulum membrane","5/412","20/5202",0.0174150733501258,0.0965956068486979,0.0794371766847844,"RPS28/RPL27/SEC61A1/SSR4/SEC61B",5
"GO:0043034","GO:0043034","costamere","4/412","14/5202",0.0204855086942573,0.112118584649009,0.0922027834284612,"KRT19/SDC4/KRT8/SYNM",4
"GO:0035580","GO:0035580","specific granule lumen","7/412","36/5202",0.020752718793206,0.112118584649009,0.0922027834284612,"B2M/LTF/CRISP3/CANT1/LYZ/LCN2/ORM1",7
"GO:0045335","GO:0045335","phagocytic vesicle","10/412","63/5202",0.0249404996340805,0.133015998048429,0.109388156289827,"ACTG1/CALR/B2M/LTF/HLA-C/HLA-B/HLA-E/VAMP8/PDIA3/HLA-A",10
"GO:0005766","GO:0005766","primary lysosome","12/412","82/5202",0.0267659795190454,0.138935814507245,0.114256426403984,"CD63/PSAP/ACP3/FTL/ACLY/PYGB/TUBB4B/BST2/LYZ/VAMP8/B4GALT1/DPP7",12
"GO:0042582","GO:0042582","azurophil granule","12/412","82/5202",0.0267659795190454,0.138935814507245,0.114256426403984,"CD63/PSAP/ACP3/FTL/ACLY/PYGB/TUBB4B/BST2/LYZ/VAMP8/B4GALT1/DPP7",12
"GO:0030670","GO:0030670","phagocytic vesicle membrane","7/412","38/5202",0.0273863865134473,0.138935814507245,0.114256426403984,"CALR/B2M/HLA-C/HLA-B/HLA-E/VAMP8/HLA-A",7
"GO:0031093","GO:0031093","platelet alpha granule lumen","7/412","38/5202",0.0273863865134473,0.138935814507245,0.114256426403984,"TMSB4X/TIMP1/SPARC/CLU/ORM1/CFD/FN1",7
"GO:0098800","GO:0098800","inner mitochondrial membrane protein complex","12/412","84/5202",0.0316644536917421,0.156814437330533,0.128959241225767,"COX8A/NDUFB7/ND1/NDUFS5/ND4L/NDUFA1/ND2/SLC25A6/ND5/UQCRQ/C15orf48/ATP5F1B",12
"GO:1904813","GO:1904813","ficolin-1-rich granule lumen","12/412","84/5202",0.0316644536917421,0.156814437330533,0.128959241225767,"HSP90AA1/HSP90AB1/HSPA8/EEF1A1/ACLY/EEF2/CANT1/SRP14/CST3/CFD/HSPA6/HSPA1B",12
"GO:0030662","GO:0030662","coated vesicle membrane","13/412","94/5202",0.0328982068686731,0.161007694792565,0.132407643743886,"HSPA8/B2M/CD74/HLA-DRA/HLA-C/KDELR2/HLA-DRB1/HLA-B/HLA-E/VAMP8/CLTA/HLA-DRB5/HLA-A",13
"GO:0030018","GO:0030018","Z disc","10/412","67/5202",0.0365594316044726,0.176845622644891,0.145432255464548,"DES/MYL9/FLNA/KRT19/KRT8/PDLIM5/TCAP/MYH7/HSPB1/SYNPO2",10
"GO:0098796","GO:0098796","membrane protein complex","44/412","427/5202",0.0385770402832707,0.184460330549892,0.151694350781161,"COX8A/NDUFB7/CALR/ND1/NDUFS5/ND4L/RPN2/NDUFA1/B2M/ND2/CD74/HLA-DRA/SLC25A6/HLA-C/KRT19/CLDN4/OST4/DAD1/TRGC1/ND5/KRT8/ATP6V1G1/UQCRQ/HLA-DRB1/HLA-B/HLA-E/SEC11C/VAMP8/GNB2/C15orf48/SEC61A1/PDIA3/SSR4/SEC61B/SOCS3/CLTA/HLA-DRB5/ATP5F1B/CHRNA2/CDH1/CAV1/CLIC4/HLA-A/GNAS",44
"GO:0035577","GO:0035577","azurophil granule membrane","6/412","33/5202",0.0422481516347928,0.199718535000839,0.164242216283584,"CD63/PSAP/ACP3/BST2/VAMP8/B4GALT1",6
"GO:0005884","GO:0005884","actin filament","9/412","60/5202",0.044768986072021,0.209253937846529,0.172083830465896,"ACTG1/TPM2/FLNA/LMOD1/ACTB/PDLIM5/ACTA1/TPM1/CORO1B",9
"GO:0045111","GO:0045111","intermediate filament cytoskeleton","8/412","51/5202",0.0452712846302587,0.209253937846529,0.172083830465896,"KRT18/DES/KRT15/KRT19/KRT8/HLA-DRB1/KRT17/SYNM",8
"GO:0045334","GO:0045334","clathrin-coated endocytic vesicle","7/412","43/5202",0.0498785927779749,0.223142850547336,0.183505633673796,"CD74/HLA-DRA/SFTPA2/HLA-DRB1/VAMP8/CLTA/HLA-DRB5",7
"GO:0008250","GO:0008250","oligosaccharyltransferase complex","3/412","11/5202",0.0504217018063692,0.223142850547336,0.183505633673796,"RPN2/OST4/DAD1",3
"GO:0044295","GO:0044295","axonal growth cone","3/412","11/5202",0.0504217018063692,0.223142850547336,0.183505633673796,"HSP90AA1/HSP90AB1/FLNA",3
"GO:0098644","GO:0098644","complex of collagen trimers","3/412","11/5202",0.0504217018063692,0.223142850547336,0.183505633673796,"COL1A2/COL3A1/COL1A1",3
"GO:0005790","GO:0005790","smooth endoplasmic reticulum","4/412","19/5202",0.0580202733486863,0.2540677232953,0.208937272446793,"CALR/HSPA5/RPL10/ERP29",4
"GO:0032432","GO:0032432","actin filament bundle","8/412","54/5202",0.0602885556815818,0.261250407953521,0.214844085488093,"MYL9/FLNA/PDLIM5/MYH7/ACTA1/SYNPO2/TPM1/CORO1B",8
"GO:1902495","GO:1902495","transmembrane transporter complex","11/412","83/5202",0.0613570985344906,0.26313972154998,0.216397797327287,"NDUFB7/ND1/NDUFS5/ND4L/NDUFA1/ND2/CLDN4/ND5/UQCRQ/CHRNA2/CLIC4",11
"GO:0098797","GO:0098797","plasma membrane protein complex","18/412","156/5202",0.0662354700813692,0.281162811773976,0.231219417577283,"B2M/CD74/HLA-DRA/HLA-C/KRT19/TRGC1/KRT8/HLA-DRB1/HLA-B/HLA-E/GNB2/CLTA/HLA-DRB5/CHRNA2/CDH1/CAV1/HLA-A/GNAS",18
"GO:0031674","GO:0031674","I band","10/412","75/5202",0.070005387309924,0.292984544746031,0.240941237455618,"DES/MYL9/FLNA/KRT19/KRT8/PDLIM5/TCAP/MYH7/HSPB1/SYNPO2",10
"GO:0030027","GO:0030027","lamellipodium","11/412","85/5202",0.0705122597046149,0.292984544746031,0.240941237455618,"P4HB/ACTG2/ACTA2/ACTB/SLC39A6/CD177/BRK1/PABPC1/ACTA1/CDH1/CORO1B",11
"GO:0005765","GO:0005765","lysosomal membrane","20/412","179/5202",0.0718375566444596,0.292984544746031,0.240941237455618,"CD63/PSAP/ACP3/HSP90AB1/HSPA8/CD74/HLA-DRA/EEF1A1/IFITM3/ANPEP/EEF1A2/ATP6V1G1/BST2/HLA-DRB1/VAMP8/UBA52/GNB2/B4GALT1/CLTA/HLA-DRB5",20
"GO:0098852","GO:0098852","lytic vacuole membrane","20/412","179/5202",0.0718375566444596,0.292984544746031,0.240941237455618,"CD63/PSAP/ACP3/HSP90AB1/HSPA8/CD74/HLA-DRA/EEF1A1/IFITM3/ANPEP/EEF1A2/ATP6V1G1/BST2/HLA-DRB1/VAMP8/UBA52/GNB2/B4GALT1/CLTA/HLA-DRB5",20
"GO:0030863","GO:0030863","cortical cytoskeleton","7/412","47/5202",0.0744532225016337,0.295258836460238,0.242811543141643,"FLNA/EEF1A1/ACTB/KRT19/CDH1/DSTN/CALD1",7
"GO:0055038","GO:0055038","recycling endosome membrane","7/412","47/5202",0.0744532225016337,0.295258836460238,0.242811543141643,"B2M/HLA-C/HLA-B/HLA-E/VAMP8/PDIA3/HLA-A",7
"GO:0016234","GO:0016234","inclusion body","5/412","29/5202",0.0745244659334736,0.295258836460238,0.242811543141643,"HSP90AB1/CLU/EEF2/GPX1/HSPA1B",5
"GO:0030135","GO:0030135","coated vesicle","16/412","139/5202",0.0814558001837915,0.314077889796878,0.258287738319801,"HSPA8/B2M/CD74/HLA-DRA/HLA-C/KDELR2/TMED9/SFTPA2/ARF1/HLA-DRB1/HLA-B/HLA-E/VAMP8/CLTA/HLA-DRB5/HLA-A",16
"GO:0001725","GO:0001725","stress fiber","7/412","48/5202",0.0815394521588048,0.314077889796878,0.258287738319801,"MYL9/PDLIM5/MYH7/ACTA1/SYNPO2/TPM1/CORO1B",7
"GO:0097517","GO:0097517","contractile actin filament bundle","7/412","48/5202",0.0815394521588048,0.314077889796878,0.258287738319801,"MYL9/PDLIM5/MYH7/ACTA1/SYNPO2/TPM1/CORO1B",7
"GO:0005775","GO:0005775","vacuolar lumen","12/412","99/5202",0.0898694260335419,0.342984922123864,0.282059968851862,"HSP90AA1/PSAP/HSPA8/FTL/CD74/ACLY/SDC4/PYGB/TUBB4B/FMOD/LYZ/DPP7",12
"GO:0005938","GO:0005938","cell cortex","14/412","120/5202",0.0906931284462141,0.342984922123864,0.282059968851862,"ENO1/PFN1/MYL9/FLNA/EEF1A1/ACTB/KRT19/CCN2/CLTA/RHOB/CDH1/DSTN/CAV1/CALD1",14
"GO:0005774","GO:0005774","vacuolar membrane","21/412","196/5202",0.0935193983388412,0.350487114495116,0.288229534946642,"CD63/PSAP/ACP3/HSP90AB1/HSPA8/RPN2/CD74/HLA-DRA/EEF1A1/IFITM3/ANPEP/EEF1A2/ATP6V1G1/BST2/HLA-DRB1/VAMP8/UBA52/GNB2/B4GALT1/CLTA/HLA-DRB5",21
"GO:0005770","GO:0005770","late endosome","14/412","121/5202",0.0955473138030006,0.354890022696859,0.291850347612549,"CD63/PSAP/HSPA8/CD74/HLA-DRA/IFITM3/SFTPA2/ARF1/BST2/HLA-DRB1/VAMP8/TPT1/RHOB/HLA-DRB5",14
"GO:0030658","GO:0030658","transport vesicle membrane","11/412","90/5202",0.0970621998035496,0.357326328480324,0.293853888552898,"B2M/CD74/HLA-DRA/HLA-C/HLA-DRB1/HLA-B/HLA-E/CLTA/AQP2/HLA-DRB5/HLA-A",11
"GO:0005903","GO:0005903","brush border","6/412","41/5202",0.10143510481088,0.370149154397599,0.30439897565592,"HSP90AB1/FLNA/DCXR/B4GALT1/MYL6/SLC26A3",6
"GO:0030667","GO:0030667","secretory granule membrane","16/412","144/5202",0.103594866874775,0.374434790647494,0.307923347571952,"CD63/PSAP/ACP3/SPARC/HLA-C/ANPEP/CD177/GP2/ABCC4/APLP2/BST2/HLA-B/VAMP8/B4GALT1/SERPINA5/CAV1",16
"GO:0005771","GO:0005771","multivesicular body","5/412","32/5202",0.104409701238244,0.374434790647494,0.307923347571952,"CD63/CD74/SFTPA2/BST2/TPT1",5
"GO:1990351","GO:1990351","transporter complex","11/412","92/5202",0.10915646371405,0.388111870983288,0.319170946532309,"NDUFB7/ND1/NDUFS5/ND4L/NDUFA1/ND2/CLDN4/ND5/UQCRQ/CHRNA2/CLIC4",11
"GO:0000791","GO:0000791","euchromatin","3/412","15/5202",0.110135738482558,0.388275145836816,0.319305218615802,"H1-2/JUN/H1-0",3
"GO:0042641","GO:0042641","actomyosin","7/412","52/5202",0.113606667015729,0.397145995618009,0.326600325343757,"MYL9/PDLIM5/MYH7/ACTA1/SYNPO2/TPM1/CORO1B",7
"GO:0030665","GO:0030665","clathrin-coated vesicle membrane","7/412","53/5202",0.122528871431073,0.424766754294387,0.349314765044726,"HSPA8/CD74/HLA-DRA/HLA-DRB1/VAMP8/CLTA/HLA-DRB5",7
"GO:0036464","GO:0036464","cytoplasmic ribonucleoprotein granule","10/412","85/5202",0.132747629639228,0.456388544875363,0.375319527035661,"ACTB/ZFP36/RPLP0/RPS4X/RPS6/YBX1/PABPC1/RPL28/ZFP36L1/CSDE1",10
"GO:0005581","GO:0005581","collagen trimer","5/412","35/5202",0.139296463046361,0.474978103502347,0.390606993011799,"COL1A2/SFTPA2/COL9A2/COL3A1/COL1A1",5
"GO:0055037","GO:0055037","recycling endosome","9/412","76/5202",0.144529615435784,0.485699539485125,0.399423963392372,"B2M/LTF/HLA-C/HLA-B/HLA-E/VAMP8/PDIA3/AQP2/HLA-A",9
"GO:0101002","GO:0101002","ficolin-1-rich granule","12/412","108/5202",0.144775824269605,0.485699539485125,0.399423963392372,"HSP90AA1/HSP90AB1/HSPA8/EEF1A1/ACLY/EEF2/CANT1/SRP14/CST3/CFD/HSPA6/HSPA1B",12
"GO:0030864","GO:0030864","cortical actin cytoskeleton","5/412","36/5202",0.151933369968386,0.504949153345918,0.415254237948946,"EEF1A1/KRT19/CDH1/DSTN/CALD1",5
"GO:0098862","GO:0098862","cluster of actin-based cell projections","6/412","46/5202",0.152941330099966,0.504949153345918,0.415254237948946,"HSP90AB1/FLNA/DCXR/B4GALT1/MYL6/SLC26A3",6
"GO:0035578","GO:0035578","azurophil granule lumen","6/412","47/5202",0.164427394626551,0.530732842987701,0.43645793008857,"FTL/ACLY/PYGB/TUBB4B/LYZ/DPP7",6
"GO:0031526","GO:0031526","brush border membrane","3/412","18/5202",0.166349575416652,0.530732842987701,0.43645793008857,"HSP90AB1/B4GALT1/SLC26A3",3
"GO:0034358","GO:0034358","plasma lipoprotein particle","3/412","18/5202",0.166349575416652,0.530732842987701,0.43645793008857,"CLU/HDLBP/LPL",3
"GO:1990777","GO:1990777","lipoprotein particle","3/412","18/5202",0.166349575416652,0.530732842987701,0.43645793008857,"CLU/HDLBP/LPL",3
"GO:0098562","GO:0098562","cytoplasmic side of membrane","8/412","68/5202",0.167129813536993,0.530732842987701,0.43645793008857,"EEF1A1/RPS28/EEF1A2/GNB2/RPL27/ERRFI1/CDH1/GNAS",8
"GO:0001669","GO:0001669","acrosomal vesicle","4/412","28/5202",0.177002009297057,0.5543252640854,0.455859592175493,"CALR/SPINK2/SERPINA5/CAV1",4
"GO:0099513","GO:0099513","polymeric cytoskeletal fiber","21/412","214/5202",0.177658717354872,0.5543252640854,0.455859592175493,"ACTG1/KRT18/DES/KRT15/TPM2/FLNA/LMOD1/ACTB/KRT19/TUBB4B/DCXR/KRT8/PDLIM5/HLA-DRB1/TPT1/ACTA1/KRT17/RASSF3/SYNM/TPM1/CORO1B",21
"GO:0030669","GO:0030669","clathrin-coated endocytic vesicle membrane","5/412","38/5202",0.178556695642893,0.5543252640854,0.455859592175493,"CD74/HLA-DRA/HLA-DRB1/VAMP8/HLA-DRB5",5
"GO:0098978","GO:0098978","glutamatergic synapse","12/412","113/5202",0.181573612676379,0.559515724987952,0.46012806331246,"YWHAE/HSPA8/PFN1/SPARC/FLNA/ACTB/CLSTN1/PPP1R1B/PLAT/ARF1/CDH1/SPARCL1",12
"GO:0042583","GO:0042583","chromaffin granule","2/412","10/5202",0.18483004592542,0.561235759890326,0.461542565699281,"CLU/CHGA",2
"GO:0045095","GO:0045095","keratin filament","2/412","10/5202",0.18483004592542,0.561235759890326,0.461542565699281,"KRT18/KRT8",2
"GO:0046658","GO:0046658","anchored component of plasma membrane","3/412","19/5202",0.186661319554395,0.562689195178466,0.462737824982291,"CD24/CD177/GP2",3
"GO:0030136","GO:0030136","clathrin-coated vesicle","9/412","81/5202",0.189104755702057,0.563665884462673,0.463541023406803,"HSPA8/CD74/HLA-DRA/TMED9/SFTPA2/HLA-DRB1/VAMP8/CLTA/HLA-DRB5",9
"GO:0035770","GO:0035770","ribonucleoprotein granule","10/412","92/5202",0.190009509132436,0.563665884462673,0.463541023406803,"ACTB/ZFP36/RPLP0/RPS4X/RPS6/YBX1/PABPC1/RPL28/ZFP36L1/CSDE1",10
"GO:0005789","GO:0005789","endoplasmic reticulum membrane","44/412","487/5202",0.191050215647204,0.563665884462673,0.463541023406803,"CALR/XBP1/CYP1B1/RPN2/RDH11/HSPA5/B2M/CD74/HLA-DRA/RPS27A/HLA-C/PLA2G2A/UBB/RPS28/SCD/OST4/DAD1/KDELR2/TMED9/SLC39A7/CLSTN1/TMBIM6/UPK3A/FAAH/SFTPA2/CANT1/HLA-DRB1/HLA-B/HLA-E/SEC11C/UBA52/RPL27/SEC61A1/PDIA3/SSR4/SEC61B/TRPM8/CYP4F8/PTGS2/HLA-DRB5/DPM3/EIF5A/CAV1/HLA-A",44
"GO:0044815","GO:0044815","DNA packaging complex","4/412","29/5202",0.19339841623523,0.566575641928562,0.465933916059673,"H1-2/H2AJ/NCAPD3/H1-0",4
"GO:0070820","GO:0070820","tertiary granule","9/412","82/5202",0.198676547968413,0.573954471908749,0.472002032819695,"B2M/LTF/CRISP3/CD177/CANT1/LYZ/VAMP8/CST3/ORM1",9
"GO:0098858","GO:0098858","actin-based cell projection","9/412","82/5202",0.198676547968413,0.573954471908749,0.472002032819695,"ACP3/ACTG2/ACTA2/DCXR/B4GALT1/S100P/ACTA1/CA2/CLIC4",9
"GO:0098827","GO:0098827","endoplasmic reticulum subcompartment","44/412","491/5202",0.20694890915376,0.587596077669461,0.483220458609754,"CALR/XBP1/CYP1B1/RPN2/RDH11/HSPA5/B2M/CD74/HLA-DRA/RPS27A/HLA-C/PLA2G2A/UBB/RPS28/SCD/OST4/DAD1/KDELR2/TMED9/SLC39A7/CLSTN1/TMBIM6/UPK3A/FAAH/SFTPA2/CANT1/HLA-DRB1/HLA-B/HLA-E/SEC11C/UBA52/RPL27/SEC61A1/PDIA3/SSR4/SEC61B/TRPM8/CYP4F8/PTGS2/HLA-DRB5/DPM3/EIF5A/CAV1/HLA-A",44
"GO:0032994","GO:0032994","protein-lipid complex","3/412","20/5202",0.207571274767231,0.587596077669461,0.483220458609754,"CLU/HDLBP/LPL",3
"GO:0010008","GO:0010008","endosome membrane","21/412","220/5202",0.212513320603406,0.587596077669461,0.483220458609754,"CD63/PMEPA1/B2M/HLA-DRA/IFITM3/RPS27A/HLA-C/OR51E2/UBB/HLA-DRB1/HLA-B/HLA-E/VAMP8/UBA52/STEAP1/PDIA3/CLTA/RHOB/HLA-DRB5/CAV1/HLA-A",21
"GO:0005834","GO:0005834","heterotrimeric G-protein complex","2/412","11/5202",0.214698566840765,0.587596077669461,0.483220458609754,"GNB2/GNAS",2
"GO:0016235","GO:0016235","aggresome","2/412","11/5202",0.214698566840765,0.587596077669461,0.483220458609754,"EEF2/HSPA1B",2
"GO:0031233","GO:0031233","intrinsic component of external side of plasma membrane","2/412","11/5202",0.214698566840765,0.587596077669461,0.483220458609754,"CD24/GP2",2
"GO:0031904","GO:0031904","endosome lumen","2/412","11/5202",0.214698566840765,0.587596077669461,0.483220458609754,"CD63/B2M",2
"GO:1905360","GO:1905360","GTPase complex","2/412","11/5202",0.214698566840765,0.587596077669461,0.483220458609754,"GNB2/GNAS",2
"GO:0031301","GO:0031301","integral component of organelle membrane","16/412","163/5202",0.217670732753421,0.589874181432133,0.485093899204057,"CALR/HSPA5/B2M/CD74/HLA-DRA/HLA-C/SCD/CLSTN1/HLA-DRB1/HLA-B/HLA-E/SEC61A1/PDIA3/HLA-DRB5/DPM3/HLA-A",16
"GO:0000323","GO:0000323","lytic vacuole","30/412","327/5202",0.219784851254761,0.589874181432133,0.485093899204057,"HSP90AA1/CD63/PSAP/ACP3/CALR/HSP90AB1/HSPA8/FTL/CD74/HLA-DRA/EEF1A1/IFITM3/ANPEP/ACLY/EEF1A2/SDC4/PYGB/TUBB4B/ATP6V1G1/FMOD/BST2/HLA-DRB1/LYZ/VAMP8/UBA52/GNB2/B4GALT1/CLTA/HLA-DRB5/DPP7",30
"GO:0005764","GO:0005764","lysosome","30/412","327/5202",0.219784851254761,0.589874181432133,0.485093899204057,"HSP90AA1/CD63/PSAP/ACP3/CALR/HSP90AB1/HSPA8/FTL/CD74/HLA-DRA/EEF1A1/IFITM3/ANPEP/ACLY/EEF1A2/SDC4/PYGB/TUBB4B/ATP6V1G1/FMOD/BST2/HLA-DRB1/LYZ/VAMP8/UBA52/GNB2/B4GALT1/CLTA/HLA-DRB5/DPP7",30
"GO:0045177","GO:0045177","apical part of cell","16/412","164/5202",0.224865702941773,0.599641874511395,0.493126541538977,"ACTG1/HSP90AB1/CLDN4/SLC44A4/GP2/UPK3A/ABCC4/ATP6V1G1/PLAT/BST2/CA2/AQP2/SLC26A3/FN1/CLIC4/GNAS",16
"GO:0042581","GO:0042581","specific granule","9/412","85/5202",0.228555311904379,0.602970972681651,0.495864286744779,"B2M/LTF/CRISP3/CD177/CANT1/LYZ/LCN2/VAMP8/ORM1",9
"GO:0031902","GO:0031902","late endosome membrane","7/412","63/5202",0.229013013662743,0.602970972681651,0.495864286744779,"CD63/HLA-DRA/IFITM3/HLA-DRB1/VAMP8/RHOB/HLA-DRB5",7
"GO:0042175","GO:0042175","nuclear outer membrane-endoplasmic reticulum membrane network","44/412","497/5202",0.23204330309645,0.607107006843542,0.499265630627913,"CALR/XBP1/CYP1B1/RPN2/RDH11/HSPA5/B2M/CD74/HLA-DRA/RPS27A/HLA-C/PLA2G2A/UBB/RPS28/SCD/OST4/DAD1/KDELR2/TMED9/SLC39A7/CLSTN1/TMBIM6/UPK3A/FAAH/SFTPA2/CANT1/HLA-DRB1/HLA-B/HLA-E/SEC11C/UBA52/RPL27/SEC61A1/PDIA3/SSR4/SEC61B/TRPM8/CYP4F8/PTGS2/HLA-DRB5/DPM3/EIF5A/CAV1/HLA-A",44
"GO:0044853","GO:0044853","plasma membrane raft","5/412","42/5202",0.236343608830346,0.614493382958899,0.5053399530912,"CAVIN1/CD177/PTGS2/CDH1/CAV1",5
"GO:0098798","GO:0098798","mitochondrial protein-containing complex","15/412","155/5202",0.24395855587791,0.629309442447931,0.517524212539417,"COX8A/NDUFB7/ND1/NDUFS5/ND4L/NDUFA1/ND2/SLC25A6/MCCC2/ND5/MRPL41/MRPS26/UQCRQ/C15orf48/ATP5F1B",15
"GO:0016328","GO:0016328","lateral plasma membrane","4/412","32/5202",0.245067619414819,0.629309442447931,0.517524212539417,"CLDN4/CLDN3/TACSTD2/CDH1",4
"GO:0031252","GO:0031252","cell leading edge","16/412","168/5202",0.254631566173278,0.64985724863855,0.534422079472492,"S100A11/P4HB/ACTG2/ACTA2/EEF1A1/ACTB/RPS3/SLC39A6/CD177/BRK1/PABPC1/ARF1/ACTA1/CDH1/TPM1/CORO1B",16
"GO:0005730","GO:0005730","nucleolus","33/412","371/5202",0.262247447303569,0.662921562385079,0.545165758540361,"RPS13/RPL13A/RPL35/RPS11/RPL36/RPS9/HSPA8/RPL23/KRT18/RPL3/FLNA/EEF1A1/RPL19/RPL11/RPS27A/RPL13/RPS25/RPS19/RPS3A/RPL31/RPL5/RPS6/SNHG29/RPL18/SCD/RPS3/NOP10/RPL23A/RPS7/RPL27/CDKN1A/TCIM/RPL7A",33
"GO:0005901","GO:0005901","caveola","4/412","33/5202",0.262937638926774,0.662921562385079,0.545165758540361,"CAVIN1/PTGS2/CDH1/CAV1",4
"GO:0034364","GO:0034364","high-density lipoprotein particle","2/412","13/5202",0.275362403122907,0.685932692809157,0.564089385533846,"CLU/HDLBP",2
"GO:0099738","GO:0099738","cell cortex region","2/412","13/5202",0.275362403122907,0.685932692809157,0.564089385533846,"ENO1/CLTA",2
"GO:0048471","GO:0048471","perinuclear region of cytoplasm","27/412","303/5202",0.285217827656705,0.706253668483269,0.580800714213215,"HSP90AA1/CALR/HSP90AB1/HSPA8/KRT18/ODC1/CLU/FLNA/IFITM3/PRDX5/RPS6/RACK1/APOD/CCN2/GAPDH/ARF1/VAMP8/GNB2/CDKN1A/AQP2/CHGA/PTN/CDH1/CAV1/CLIC4/HSPA1B/CORO1B",27
"GO:0098590","GO:0098590","plasma membrane region","34/412","389/5202",0.293906519424416,0.71978334573602,0.591927093532912,"HSP90AB1/HSPA8/EEF1A1/CAVIN1/KRT19/CLDN4/CLDN3/RPS3/SLC39A6/SLC44A4/TACSTD2/CD177/GP2/CLSTN1/UPK3A/ABCC4/KRT8/ATP6V1G1/BST2/B4GALT1/CLTA/S100P/RHOB/CA2/AQP2/SLC26A3/PTGS2/AQP3/FN1/CHRNA2/CDH1/CAV1/TPM1/GNAS",34
"GO:0098685","GO:0098685","Schaffer collateral - CA1 synapse","3/412","24/5202",0.295091558563944,0.71978334573602,0.591927093532912,"ACTG1/ACTB/PLAT",3
"GO:0031225","GO:0031225","anchored component of membrane","5/412","46/5202",0.298450294962553,0.71978334573602,0.591927093532912,"PSCA/CD24/CD177/GP2/BST2",5
"GO:0005875","GO:0005875","microtubule associated complex","4/412","35/5202",0.299332977914258,0.71978334573602,0.591927093532912,"YWHAE/ACTG2/ACTA2/ACTA1",4
"GO:0010494","GO:0010494","cytoplasmic stress granule","4/412","35/5202",0.299332977914258,0.71978334573602,0.591927093532912,"ZFP36/YBX1/PABPC1/CSDE1",4
"GO:0033178","GO:0033178","proton-transporting two-sector ATPase complex, catalytic domain","2/412","14/5202",0.3056970317645,0.73086186904616,0.601037721255066,"ATP6V1G1/ATP5F1B",2
"GO:0150034","GO:0150034","distal axon","8/412","81/5202",0.310434330444654,0.737946751228435,0.606864104628647,"YWHAE/HSP90AA1/ACTG1/HSP90AB1/HSPA8/FLNA/ACTB/BASP1",8
"GO:0030175","GO:0030175","filopodium","5/412","47/5202",0.314405402145411,0.743140041434607,0.611134902495565,"ACP3/ACTG2/ACTA2/B4GALT1/ACTA1",5
"GO:0070069","GO:0070069","cytochrome complex","3/412","25/5202",0.317461474078065,0.74612414246596,0.61358893294898,"COX8A/UQCRQ/C15orf48",3
"GO:0032588","GO:0032588","trans-Golgi network membrane","5/412","48/5202",0.330467829224552,0.768777498634954,0.632218337693219,"CD74/HLA-DRA/HLA-DRB1/CLTA/HLA-DRB5",5
"GO:0005912","GO:0005912","adherens junction","8/412","83/5202",0.334683503881543,0.768777498634954,0.632218337693219,"S100A11/KRT18/ACTB/ALOX15B/PDLIM5/EIF4G2/CDH1/SYNM",8
"GO:0005751","GO:0005751","mitochondrial respiratory chain complex IV","2/412","15/5202",0.335783384577106,0.768777498634954,0.632218337693219,"COX8A/C15orf48",2
"GO:0005814","GO:0005814","centriole","2/412","15/5202",0.335783384577106,0.768777498634954,0.632218337693219,"HSPA6/HSPA1B",2
"GO:0005773","GO:0005773","vacuole","31/412","360/5202",0.336340155652793,0.768777498634954,0.632218337693219,"HSP90AA1/CD63/PSAP/ACP3/CALR/HSP90AB1/HSPA8/FTL/RPN2/CD74/HLA-DRA/EEF1A1/IFITM3/ANPEP/ACLY/EEF1A2/SDC4/PYGB/TUBB4B/ATP6V1G1/FMOD/BST2/HLA-DRB1/LYZ/VAMP8/UBA52/GNB2/B4GALT1/CLTA/HLA-DRB5/DPP7",31
"GO:0031300","GO:0031300","intrinsic component of organelle membrane","16/412","179/5202",0.343048983382606,0.779827197197619,0.641305260853305,"CALR/HSPA5/B2M/CD74/HLA-DRA/HLA-C/SCD/CLSTN1/HLA-DRB1/HLA-B/HLA-E/SEC61A1/PDIA3/HLA-DRB5/DPM3/HLA-A",16
"GO:0030426","GO:0030426","growth cone","5/412","49/5202",0.346606752146487,0.78363265702684,0.644434750844441,"YWHAE/HSP90AA1/HSP90AB1/FLNA/BASP1",5
"GO:0005758","GO:0005758","mitochondrial intermembrane space","4/412","38/5202",0.35482497940765,0.793587050718184,0.652620929866928,"NDUFB7/NDUFS5/CHCHD2/TXNIP",4
"GO:0005902","GO:0005902","microvillus","4/412","38/5202",0.35482497940765,0.793587050718184,0.652620929866928,"DCXR/S100P/CA2/CLIC4",4
"GO:0005768","GO:0005768","endosome","33/412","388/5202",0.357054276129104,0.794302560800573,0.65320934276363,"CD63/PSAP/HSPA8/PMEPA1/B2M/CD74/LTF/HLA-DRA/IFITM3/RPS27A/HLA-C/OR51E2/UBB/GP2/CLSTN1/SFTPA2/ARF1/BST2/HLA-DRB1/HLA-B/HLA-E/VAMP8/TPT1/UBA52/STEAP1/PDIA3/CLTA/RHOB/AQP2/HLA-DRB5/CDH1/CAV1/HLA-A",33
"GO:0030427","GO:0030427","site of polarized growth","5/412","50/5202",0.362792236680577,0.802774310952767,0.660176242559841,"YWHAE/HSP90AA1/HSP90AB1/FLNA/BASP1",5
"GO:0043202","GO:0043202","lysosomal lumen","6/412","62/5202",0.367374992710688,0.808613740569558,0.664978405073649,"HSP90AA1/PSAP/HSPA8/CD74/SDC4/FMOD",6
"GO:0000786","GO:0000786","nucleosome","3/412","28/5202",0.384422570417128,0.841203334659613,0.691779058108234,"H1-2/H2AJ/H1-0",3
"GO:0016363","GO:0016363","nuclear matrix","4/412","40/5202",0.39188940415169,0.841203334659613,0.691779058108234,"SPARC/KRT8/BASP1/CLIC4",4
"GO:0030659","GO:0030659","cytoplasmic vesicle membrane","38/412","456/5202",0.393207784817819,0.841203334659613,0.691779058108234,"CD63/PSAP/ACP3/CALR/HSPA8/PMEPA1/B2M/SPARC/CD74/HLA-DRA/IFITM3/RPS27A/HLA-C/ANPEP/OR51E2/UBB/KDELR2/CD177/GP2/ABCC4/APLP2/BST2/HLA-DRB1/HLA-B/HLA-E/VAMP8/UBA52/STEAP1/PDIA3/B4GALT1/CLTA/RHOB/AQP2/SERPINA5/HLA-DRB5/CAV1/CLIC4/HLA-A",38
"GO:0005689","GO:0005689","U12-type spliceosomal complex","2/412","17/5202",0.394633763189144,0.841203334659613,0.691779058108234,"YBX1/SNRPD2",2
"GO:0030140","GO:0030140","trans-Golgi network transport vesicle","2/412","17/5202",0.394633763189144,0.841203334659613,0.691779058108234,"TMED9/CLTA",2
"GO:0044322","GO:0044322","endoplasmic reticulum quality control compartment","2/412","17/5202",0.394633763189144,0.841203334659613,0.691779058108234,"CALR/SEC61B",2
"GO:0009925","GO:0009925","basal plasma membrane","8/412","88/5202",0.396336186522317,0.841203334659613,0.691779058108234,"HSP90AB1/CLDN4/TACSTD2/ABCC4/B4GALT1/CA2/AQP2/AQP3",8
"GO:0005793","GO:0005793","endoplasmic reticulum-Golgi intermediate compartment","6/412","65/5202",0.41106555262594,0.868036903007061,0.713846137341334,"CALR/P4HB/HSPA5/ANPEP/TMED9/FN1",6
"GO:0005911","GO:0005911","cell-cell junction","18/412","213/5202",0.422390543219508,0.881973519639712,0.725307170756343,"ACTG1/S100A11/KRT18/DES/FLNA/ACTB/ALOX15B/CLDN4/CLDN3/KRT8/PDLIM5/STEAP1/EIF4G2/B4GALT1/AQP3/CDH1/SYNM/CLIC4",18
"GO:0031941","GO:0031941","filamentous actin","2/412","18/5202",0.423169286660706,0.881973519639712,0.725307170756343,"ACTG1/PDLIM5",2
"GO:0032993","GO:0032993","protein-DNA complex","5/412","54/5202",0.42743761251863,0.881973519639712,0.725307170756343,"H1-2/H2AJ/FOS/JUND/H1-0",5
"GO:0005743","GO:0005743","mitochondrial inner membrane","19/412","226/5202",0.427469953411962,0.881973519639712,0.725307170756343,"COX8A/NDUFB7/ND1/ND6/NDUFS5/ND4L/NDUFA1/ND2/CLU/SLC25A6/RPS3/ND5/MRPL41/MRPS26/IFI6/UQCRQ/C15orf48/CYP27A1/ATP5F1B",19
"GO:0032580","GO:0032580","Golgi cisterna membrane","3/412","30/5202",0.428265987901976,0.881973519639712,0.725307170756343,"CANT1/B4GALT1/CHPF",3
"GO:0045178","GO:0045178","basal part of cell","8/412","91/5202",0.433519592351845,0.888394829647132,0.730587853328233,"HSP90AB1/CLDN4/TACSTD2/ABCC4/B4GALT1/CA2/AQP2/AQP3",8
"GO:0012506","GO:0012506","vesicle membrane","38/412","464/5202",0.438156432364763,0.893495469920301,0.734782458816037,"CD63/PSAP/ACP3/CALR/HSPA8/PMEPA1/B2M/SPARC/CD74/HLA-DRA/IFITM3/RPS27A/HLA-C/ANPEP/OR51E2/UBB/KDELR2/CD177/GP2/ABCC4/APLP2/BST2/HLA-DRB1/HLA-B/HLA-E/VAMP8/UBA52/STEAP1/PDIA3/B4GALT1/CLTA/RHOB/AQP2/SERPINA5/HLA-DRB5/CAV1/CLIC4/HLA-A",38
"GO:0016324","GO:0016324","apical plasma membrane","12/412","141/5202",0.441608077864044,0.894555828686883,0.73565446438066,"HSP90AB1/CLDN4/SLC44A4/GP2/UPK3A/ABCC4/ATP6V1G1/BST2/AQP2/SLC26A3/FN1/GNAS",12
"GO:0000932","GO:0000932","P-body","3/412","31/5202",0.44977819592975,0.894555828686883,0.73565446438066,"ZFP36/ZFP36L1/CSDE1",3
"GO:0045277","GO:0045277","respiratory chain complex IV","2/412","19/5202",0.450993753379095,0.894555828686883,0.73565446438066,"COX8A/C15orf48",2
"GO:0099634","GO:0099634","postsynaptic specialization membrane","2/412","19/5202",0.450993753379095,0.894555828686883,0.73565446438066,"HSPA8/CLSTN1",2
"GO:0045121","GO:0045121","membrane raft","12/412","142/5202",0.451578663519821,0.894555828686883,0.73565446438066,"S100A10/CD24/CAVIN1/EEF2/SDC4/CD177/GP2/BST2/TRPM8/PTGS2/CDH1/CAV1",12
"GO:0098857","GO:0098857","membrane microdomain","12/412","142/5202",0.451578663519821,0.894555828686883,0.73565446438066,"S100A10/CD24/CAVIN1/EEF2/SDC4/CD177/GP2/BST2/TRPM8/PTGS2/CDH1/CAV1",12
"GO:0019897","GO:0019897","extrinsic component of plasma membrane","5/412","56/5202",0.459341691472519,0.905621533898425,0.74475455090331,"S100A10/GNB2/ERRFI1/CDH1/GNAS",5
"GO:0005796","GO:0005796","Golgi lumen","4/412","44/5202",0.464776159369901,0.907731841774079,0.746490001458946,"SDC4/FMOD/MUC6/PODXL2",4
"GO:0005798","GO:0005798","Golgi-associated vesicle","4/412","44/5202",0.464776159369901,0.907731841774079,0.746490001458946,"KDELR2/TMED9/ARF1/CLTA",4
"GO:0030133","GO:0030133","transport vesicle","15/412","182/5202",0.475835171812408,0.916428245649701,0.753641649382978,"B2M/CD74/HLA-DRA/HLA-C/KDELR2/TMED9/HLA-DRB1/HLA-B/HLA-E/CLTA/AQP2/ERP29/HLA-DRB5/CHGA/HLA-A",15
"GO:0001772","GO:0001772","immunological synapse","2/412","20/5202",0.47804069544708,0.916428245649701,0.753641649382978,"HLA-DRA/HLA-DRB1",2
"GO:0031672","GO:0031672","A band","2/412","20/5202",0.47804069544708,0.916428245649701,0.753641649382978,"ENO1/MYL2",2
"GO:0101031","GO:0101031","chaperone complex","2/412","20/5202",0.47804069544708,0.916428245649701,0.753641649382978,"HSP90AB1/HSPA8",2
"GO:0031985","GO:0031985","Golgi cisterna","4/412","45/5202",0.482546116076265,0.920821946273974,0.757254890027939,"CANT1/B4GALT1/HLA-A/CHPF",4
"GO:0005769","GO:0005769","early endosome","13/412","158/5202",0.485743363265352,0.922690589581672,0.758791603274402,"PMEPA1/B2M/LTF/HLA-DRA/IFITM3/HLA-C/OR51E2/HLA-B/HLA-E/VAMP8/RHOB/CAV1/HLA-A",13
"GO:0043296","GO:0043296","apical junction complex","5/412","58/5202",0.490722417790783,0.92791148091348,0.763085099435428,"ACTG1/ACTB/CLDN4/CLDN3/CDH1",5
"GO:0019866","GO:0019866","organelle inner membrane","20/412","248/5202",0.501334489940049,0.943688451651858,0.776059581950541,"COX8A/NDUFB7/ND1/ND6/NDUFS5/ND4L/NDUFA1/ND2/CLU/SLC25A6/RPS3/ND5/MRPL41/MRPS26/IFI6/UQCRQ/C15orf48/CYP27A1/PTGS2/ATP5F1B",20
"GO:0030137","GO:0030137","COPI-coated vesicle","2/412","21/5202",0.50425857668546,0.944916972527709,0.777069878723445,"KDELR2/ARF1",2
"GO:0043679","GO:0043679","axon terminus","3/412","34/5202",0.512148562757101,0.955398215726252,0.785689322143299,"ACTG1/HSPA8/ACTB",3
"GO:0031970","GO:0031970","organelle envelope lumen","4/412","47/5202",0.517351018794849,0.960794749190433,0.790127260847396,"NDUFB7/NDUFS5/CHCHD2/TXNIP",4
"GO:0031594","GO:0031594","neuromuscular junction","2/412","22/5202",0.529608854036885,0.962359035361026,0.791413680395581,"DES/PTN",2
"GO:0044297","GO:0044297","cell body","16/412","201/5202",0.530751075038391,0.962359035361026,0.791413680395581,"CKB/HSP90AA1/ND1/HSP90AB1/ACTG2/ACTA2/FLNA/UBB/RPS6/EEF1A2/RACK1/APOD/PPP1R1B/RPL28/GNB2/ACTA1",16
"GO:0034399","GO:0034399","nuclear periphery","4/412","48/5202",0.534340399664876,0.962359035361026,0.791413680395581,"SPARC/KRT8/BASP1/CLIC4",4
"GO:0090575","GO:0090575","RNA polymerase II transcription regulator complex","4/412","48/5202",0.534340399664876,0.962359035361026,0.791413680395581,"FOS/JUN/JUND/JUNB",4
"GO:0042383","GO:0042383","sarcolemma","5/412","61/5202",0.53647554885869,0.962359035361026,0.791413680395581,"DES/KRT19/KRT8/SYNM/CAV1",5
"GO:0005740","GO:0005740","mitochondrial envelope","28/412","356/5202",0.546572136950545,0.962359035361026,0.791413680395581,"COX8A/NDUFB7/ND1/ND6/NDUFS5/ND4L/NDUFA1/ND2/CLU/SLC25A6/RPS27A/PLA2G2A/UBB/MAOB/RPS3/TMBIM6/ND5/MRPL41/CHCHD2/MRPS26/IFI6/TSPO/UQCRQ/UBA52/C15orf48/CYP27A1/TXNIP/ATP5F1B",28
"GO:0005604","GO:0005604","basement membrane","4/412","49/5202",0.551027834999844,0.962359035361026,0.791413680395581,"TIMP1/SPARC/PTN/FN1",4
"GO:0031234","GO:0031234","extrinsic component of cytoplasmic side of plasma membrane","3/412","36/5202",0.551585668829629,0.962359035361026,0.791413680395581,"GNB2/ERRFI1/GNAS",3
"GO:0030660","GO:0030660","Golgi-associated vesicle membrane","2/412","23/5202",0.554064251217051,0.962359035361026,0.791413680395581,"KDELR2/CLTA",2
"GO:0000153","GO:0000153","cytoplasmic ubiquitin ligase complex","1/412","10/5202",0.562147224982523,0.962359035361026,0.791413680395581,"ELOB",1
"GO:0001891","GO:0001891","phagocytic cup","1/412","10/5202",0.562147224982523,0.962359035361026,0.791413680395581,"RACK1",1
"GO:0005687","GO:0005687","U4 snRNP","1/412","10/5202",0.562147224982523,0.962359035361026,0.791413680395581,"SNRPD2",1
"GO:0016471","GO:0016471","vacuolar proton-transporting V-type ATPase complex","1/412","10/5202",0.562147224982523,0.962359035361026,0.791413680395581,"ATP6V1G1",1
"GO:0031258","GO:0031258","lamellipodium membrane","1/412","10/5202",0.562147224982523,0.962359035361026,0.791413680395581,"SLC39A6",1
"GO:0032585","GO:0032585","multivesicular body membrane","1/412","10/5202",0.562147224982523,0.962359035361026,0.791413680395581,"CD63",1
"GO:0042101","GO:0042101","T cell receptor complex","1/412","10/5202",0.562147224982523,0.962359035361026,0.791413680395581,"TRGC1",1
"GO:0099023","GO:0099023","vesicle tethering complex","1/412","10/5202",0.562147224982523,0.962359035361026,0.791413680395581,"SYNPO2",1
"GO:0099146","GO:0099146","intrinsic component of postsynaptic density membrane","1/412","10/5202",0.562147224982523,0.962359035361026,0.791413680395581,"CLSTN1",1
"GO:0099524","GO:0099524","postsynaptic cytosol","1/412","10/5202",0.562147224982523,0.962359035361026,0.791413680395581,"HSPA8",1
"GO:0019898","GO:0019898","extrinsic component of membrane","7/412","89/5202",0.565266149565981,0.96373245171905,0.792543134637377,"S100A10/ALOX15B/GNB2/SOCS3/ERRFI1/CDH1/GNAS",7
"GO:0005776","GO:0005776","autophagosome","3/412","37/5202",0.570584072853842,0.968828466559992,0.796733936315783,"HSPA8/FTL/RPN2",3
"GO:0031966","GO:0031966","mitochondrial membrane","26/412","335/5202",0.575803822104699,0.970287918381582,0.797934143405906,"COX8A/NDUFB7/ND1/ND6/NDUFS5/ND4L/NDUFA1/ND2/CLU/SLC25A6/RPS27A/PLA2G2A/UBB/MAOB/RPS3/TMBIM6/ND5/MRPL41/MRPS26/IFI6/TSPO/UQCRQ/UBA52/C15orf48/CYP27A1/ATP5F1B",26
"GO:0098791","GO:0098791","Golgi apparatus subcompartment","12/412","155/5202",0.577602194631064,0.970287918381582,0.797934143405906,"CD74/FLNA/HLA-DRA/CANT1/ARF1/HLA-DRB1/B4GALT1/CLTA/HLA-DRB5/CDH1/HLA-A/CHPF",12
"GO:0016323","GO:0016323","basolateral plasma membrane","6/412","77/5202",0.578440874419789,0.970287918381582,0.797934143405906,"HSP90AB1/ABCC4/B4GALT1/CA2/AQP2/AQP3",6
"GO:0005697","GO:0005697","telomerase holoenzyme complex","1/412","11/5202",0.596892090796698,0.989271353671022,0.813545521111038,"NOP10",1
"GO:0099060","GO:0099060","integral component of postsynaptic specialization membrane","1/412","11/5202",0.596892090796698,0.989271353671022,0.813545521111038,"CLSTN1",1
"GO:0099522","GO:0099522","cytosolic region","1/412","11/5202",0.596892090796698,0.989271353671022,0.813545521111038,"HSPA8",1
"GO:0030425","GO:0030425","dendrite","14/412","184/5202",0.604249772967458,0.993549033812104,0.817063350174428,"CKB/HSP90AA1/ND1/HSP90AB1/HSPA8/CLU/FLNA/RPLP0/RPS6/CLSTN1/RACK1/APOD/PPP1R1B/RPL28",14
"GO:0097447","GO:0097447","dendritic tree","14/412","184/5202",0.604249772967458,0.993549033812104,0.817063350174428,"CKB/HSP90AA1/ND1/HSP90AB1/HSPA8/CLU/FLNA/RPLP0/RPS6/CLSTN1/RACK1/APOD/PPP1R1B/RPL28",14
"GO:0005881","GO:0005881","cytoplasmic microtubule","2/412","26/5202",0.62192634009686,0.999952486304134,0.822329347289584,"DCXR/TPT1",2
"GO:0034702","GO:0034702","ion channel complex","3/412","40/5202",0.624498329300022,0.999952486304134,0.822329347289584,"CLDN4/CHRNA2/CLIC4",3
"GO:0005682","GO:0005682","U5 snRNP","1/412","12/5202",0.628886014624816,0.999952486304134,0.822329347289584,"SNRPD2",1
"GO:0030125","GO:0030125","clathrin vesicle coat","1/412","12/5202",0.628886014624816,0.999952486304134,0.822329347289584,"CLTA",1
"GO:0070971","GO:0070971","endoplasmic reticulum exit site","1/412","12/5202",0.628886014624816,0.999952486304134,0.822329347289584,"HLA-A",1
"GO:0098948","GO:0098948","intrinsic component of postsynaptic specialization membrane","1/412","12/5202",0.628886014624816,0.999952486304134,0.822329347289584,"CLSTN1",1
"GO:0005801","GO:0005801","cis-Golgi network","2/412","27/5202",0.642704532195125,0.999952486304134,0.822329347289584,"KDELR2/CCN2",2
"GO:0044306","GO:0044306","neuron projection terminus","3/412","42/5202",0.657774418784163,0.999952486304134,0.822329347289584,"ACTG1/HSPA8/ACTB",3
"GO:0098802","GO:0098802","plasma membrane signaling receptor complex","3/412","42/5202",0.657774418784163,0.999952486304134,0.822329347289584,"B2M/TRGC1/CHRNA2",3
"GO:0005795","GO:0005795","Golgi stack","4/412","56/5202",0.658195185562365,0.999952486304134,0.822329347289584,"CANT1/B4GALT1/HLA-A/CHPF",4
"GO:0000314","GO:0000314","organellar small ribosomal subunit","1/412","13/5202",0.658346315583309,0.999952486304134,0.822329347289584,"MRPS26",1
"GO:0005640","GO:0005640","nuclear outer membrane","1/412","13/5202",0.658346315583309,0.999952486304134,0.822329347289584,"PTGS2",1
"GO:0005685","GO:0005685","U1 snRNP","1/412","13/5202",0.658346315583309,0.999952486304134,0.822329347289584,"SNRPD2",1
"GO:0005763","GO:0005763","mitochondrial small ribosomal subunit","1/412","13/5202",0.658346315583309,0.999952486304134,0.822329347289584,"MRPS26",1
"GO:0030057","GO:0030057","desmosome","1/412","13/5202",0.658346315583309,0.999952486304134,0.822329347289584,"B4GALT1",1
"GO:0031430","GO:0031430","M band","1/412","13/5202",0.658346315583309,0.999952486304134,0.822329347289584,"ENO1",1
"GO:0036019","GO:0036019","endolysosome","1/412","13/5202",0.658346315583309,0.999952486304134,0.822329347289584,"CLTA",1
"GO:0098982","GO:0098982","GABA-ergic synapse","1/412","13/5202",0.658346315583309,0.999952486304134,0.822329347289584,"CLSTN1",1
"GO:0043005","GO:0043005","neuron projection","28/412","376/5202",0.667350038524456,0.999952486304134,0.822329347289584,"CKB/YWHAE/HSP90AA1/ACTG1/ND1/HSP90AB1/HSPA8/FOS/CLU/FLNA/ACTB/UBB/RPLP0/RPS6/CLSTN1/ND5/RACK1/APOD/PPP1R1B/BASP1/VSTM2L/HSPB1/ARF1/RPL28/EIF4G2/CA2/PTGS2/CHRNA2",28
"GO:0009898","GO:0009898","cytoplasmic side of plasma membrane","4/412","57/5202",0.672013103930876,0.999952486304134,0.822329347289584,"GNB2/ERRFI1/CDH1/GNAS",4
"GO:0000421","GO:0000421","autophagosome membrane","1/412","14/5202",0.685473183569371,0.999952486304134,0.822329347289584,"RPN2",1
"GO:0005732","GO:0005732","sno(s)RNA-containing ribonucleoprotein complex","1/412","14/5202",0.685473183569371,0.999952486304134,0.822329347289584,"NOP10",1
"GO:0022624","GO:0022624","proteasome accessory complex","1/412","14/5202",0.685473183569371,0.999952486304134,0.822329347289584,"PSME1",1
"GO:0032040","GO:0032040","small-subunit processome","1/412","14/5202",0.685473183569371,0.999952486304134,0.822329347289584,"RPS7",1
"GO:0000139","GO:0000139","Golgi membrane","18/412","248/5202",0.689004765960708,0.999952486304134,0.822329347289584,"PMEPA1/B2M/CD74/HLA-DRA/HLA-C/KDELR2/TMED9/CLSTN1/ARF1/HLA-DRB1/HLA-B/HLA-E/RHOU/B4GALT1/HLA-DRB5/CAV1/HLA-A/CHPF",18
"GO:0005802","GO:0005802","trans-Golgi network","8/412","114/5202",0.691848247636271,0.999952486304134,0.822329347289584,"CD74/FLNA/HLA-DRA/ARF1/HLA-DRB1/CLTA/HLA-DRB5/CDH1",8
"GO:0032587","GO:0032587","ruffle membrane","3/412","45/5202",0.703615425537998,0.999952486304134,0.822329347289584,"EEF1A1/RPS3/TPM1",3
"GO:0002102","GO:0002102","podosome","1/412","15/5202",0.710451026354533,0.999952486304134,0.822329347289584,"RHOU",1
"GO:0030663","GO:0030663","COPI-coated vesicle membrane","1/412","15/5202",0.710451026354533,0.999952486304134,0.822329347289584,"KDELR2",1
"GO:0031528","GO:0031528","microvillus membrane","1/412","15/5202",0.710451026354533,0.999952486304134,0.822329347289584,"S100P",1
"GO:0033176","GO:0033176","proton-transporting V-type ATPase complex","1/412","15/5202",0.710451026354533,0.999952486304134,0.822329347289584,"ATP6V1G1",1
"GO:0043195","GO:0043195","terminal bouton","1/412","15/5202",0.710451026354533,0.999952486304134,0.822329347289584,"HSPA8",1
"GO:0099055","GO:0099055","integral component of postsynaptic membrane","1/412","15/5202",0.710451026354533,0.999952486304134,0.822329347289584,"CLSTN1",1
"GO:0031253","GO:0031253","cell projection membrane","8/412","116/5202",0.710474853260068,0.999952486304134,0.822329347289584,"HSP90AB1/EEF1A1/RPS3/SLC39A6/B4GALT1/S100P/SLC26A3/TPM1",8
"GO:0016469","GO:0016469","proton-transporting two-sector ATPase complex","2/412","32/5202",0.733260162660922,0.999952486304134,0.822329347289584,"ATP6V1G1/ATP5F1B",2
"GO:0070821","GO:0070821","tertiary granule membrane","2/412","32/5202",0.733260162660922,0.999952486304134,0.822329347289584,"CD177/VAMP8",2
"GO:0005686","GO:0005686","U2 snRNP","1/412","16/5202",0.733449710978002,0.999952486304134,0.822329347289584,"SNRPD2",1
"GO:0031201","GO:0031201","SNARE complex","1/412","16/5202",0.733449710978002,0.999952486304134,0.822329347289584,"VAMP8",1
"GO:0032154","GO:0032154","cleavage furrow","1/412","16/5202",0.733449710978002,0.999952486304134,0.822329347289584,"RHOB",1
"GO:0071007","GO:0071007","U2-type catalytic step 2 spliceosome","1/412","16/5202",0.733449710978002,0.999952486304134,0.822329347289584,"SNRPD2",1
"GO:0098839","GO:0098839","postsynaptic density membrane","1/412","16/5202",0.733449710978002,0.999952486304134,0.822329347289584,"CLSTN1",1
"GO:0031968","GO:0031968","organelle outer membrane","7/412","105/5202",0.737058118785126,0.999952486304134,0.822329347289584,"RPS27A/PLA2G2A/UBB/MAOB/TSPO/UBA52/PTGS2",7
"GO:0019867","GO:0019867","outer membrane","7/412","106/5202",0.746026958875242,0.999952486304134,0.822329347289584,"RPS27A/PLA2G2A/UBB/MAOB/TSPO/UBA52/PTGS2",7
"GO:0000307","GO:0000307","cyclin-dependent protein kinase holoenzyme complex","1/412","17/5202",0.754625707714805,0.999952486304134,0.822329347289584,"CDKN1A",1
"GO:0005753","GO:0005753","mitochondrial proton-transporting ATP synthase complex","1/412","17/5202",0.754625707714805,0.999952486304134,0.822329347289584,"ATP5F1B",1
"GO:0045259","GO:0045259","proton-transporting ATP synthase complex","1/412","17/5202",0.754625707714805,0.999952486304134,0.822329347289584,"ATP5F1B",1
"GO:0098936","GO:0098936","intrinsic component of postsynaptic membrane","1/412","17/5202",0.754625707714805,0.999952486304134,0.822329347289584,"CLSTN1",1
"GO:0005741","GO:0005741","mitochondrial outer membrane","6/412","94/5202",0.766135999715901,0.999952486304134,0.822329347289584,"RPS27A/PLA2G2A/UBB/MAOB/TSPO/UBA52",6
"GO:1905368","GO:1905368","peptidase complex","3/412","50/5202",0.76937106436422,0.999952486304134,0.822329347289584,"PSME1/HSPB1/SEC11C",3
"GO:0045211","GO:0045211","postsynaptic membrane","3/412","51/5202",0.780992364694228,0.999952486304134,0.822329347289584,"HSPA8/CLSTN1/CHRNA2",3
"GO:0030424","GO:0030424","axon","12/412","181/5202",0.782580284291044,0.999952486304134,0.822329347289584,"YWHAE/HSP90AA1/ACTG1/HSP90AB1/HSPA8/FLNA/ACTB/BASP1/VSTM2L/HSPB1/EIF4G2/CA2",12
"GO:0031256","GO:0031256","leading edge membrane","4/412","67/5202",0.788869761470552,0.999952486304134,0.822329347289584,"EEF1A1/RPS3/SLC39A6/TPM1",4
"GO:0015030","GO:0015030","Cajal body","1/412","19/5202",0.792074777073416,0.999952486304134,0.822329347289584,"NOP10",1
"GO:0017053","GO:0017053","transcription repressor complex","1/412","19/5202",0.792074777073416,0.999952486304134,0.822329347289584,"H1-0",1
"GO:0030118","GO:0030118","clathrin coat","1/412","19/5202",0.792074777073416,0.999952486304134,0.822329347289584,"CLTA",1
"GO:0070603","GO:0070603","SWI/SNF superfamily-type complex","1/412","19/5202",0.792074777073416,0.999952486304134,0.822329347289584,"SMARCA1",1
"GO:0070160","GO:0070160","tight junction","3/412","52/5202",0.792127585176123,0.999952486304134,0.822329347289584,"ACTB/CLDN4/CLDN3",3
"GO:0000502","GO:0000502","proteasome complex","2/412","37/5202",0.803558787345044,0.999952486304134,0.822329347289584,"PSME1/HSPB1",2
"GO:0031226","GO:0031226","intrinsic component of plasma membrane","28/412","404/5202",0.804296847970509,0.999952486304134,0.822329347289584,"CD63/TMPRSS2/CD24/HLA-DRA/HLA-C/CLDN4/CLDN3/TSPAN13/SDC4/SLC39A6/CD177/GP2/CLSTN1/TMBIM6/UPK3A/GOLM1/BCAM/HLA-DRB1/HLA-B/STEAP1/TRPM8/AQP2/SLC26A3/SLCO2A1/PODXL2/CHRNA2/CAV1/HLA-A",28
"GO:0008023","GO:0008023","transcription elongation factor complex","1/412","20/5202",0.808602886632697,0.999952486304134,0.822329347289584,"ELOB",1
"GO:0032153","GO:0032153","cell division site","1/412","20/5202",0.808602886632697,0.999952486304134,0.822329347289584,"RHOB",1
"GO:1902554","GO:1902554","serine/threonine protein kinase complex","1/412","20/5202",0.808602886632697,0.999952486304134,0.822329347289584,"CDKN1A",1
"GO:1904949","GO:1904949","ATPase complex","1/412","20/5202",0.808602886632697,0.999952486304134,0.822329347289584,"SMARCA1",1
"GO:0005643","GO:0005643","nuclear pore","1/412","21/5202",0.823820102130059,0.999952486304134,0.822329347289584,"EIF5A",1
"GO:0014704","GO:0014704","intercalated disc","1/412","21/5202",0.823820102130059,0.999952486304134,0.822329347289584,"DES",1
"GO:1905369","GO:1905369","endopeptidase complex","2/412","39/5202",0.826740442939661,0.999952486304134,0.822329347289584,"PSME1/HSPB1",2
"GO:0033116","GO:0033116","endoplasmic reticulum-Golgi intermediate compartment membrane","2/412","40/5202",0.837384764710168,0.999952486304134,0.822329347289584,"CALR/TMED9",2
"GO:0043204","GO:0043204","perikaryon","2/412","40/5202",0.837384764710168,0.999952486304134,0.822329347289584,"FLNA/RACK1",2
"GO:0000123","GO:0000123","histone acetyltransferase complex","1/412","22/5202",0.837830161563067,0.999952486304134,0.822329347289584,"ACTB",1
"GO:0005637","GO:0005637","nuclear inner membrane","1/412","22/5202",0.837830161563067,0.999952486304134,0.822329347289584,"PTGS2",1
"GO:0046540","GO:0046540","U4/U6 x U5 tri-snRNP complex","1/412","22/5202",0.837830161563067,0.999952486304134,0.822329347289584,"SNRPD2",1
"GO:0097526","GO:0097526","spliceosomal tri-snRNP complex","1/412","22/5202",0.837830161563067,0.999952486304134,0.822329347289584,"SNRPD2",1
"GO:0005887","GO:0005887","integral component of plasma membrane","25/412","374/5202",0.846038983245024,0.999952486304134,0.822329347289584,"CD63/TMPRSS2/HLA-DRA/HLA-C/CLDN4/CLDN3/TSPAN13/SDC4/SLC39A6/CLSTN1/TMBIM6/UPK3A/GOLM1/BCAM/HLA-DRB1/HLA-B/STEAP1/TRPM8/AQP2/SLC26A3/SLCO2A1/PODXL2/CHRNA2/CAV1/HLA-A",25
"GO:0001726","GO:0001726","ruffle","4/412","74/5202",0.848962423881985,0.999952486304134,0.822329347289584,"S100A11/EEF1A1/RPS3/TPM1",4
"GO:0000792","GO:0000792","heterochromatin","1/412","23/5202",0.85072861203334,0.999952486304134,0.822329347289584,"NCAPD3",1
"GO:0009295","GO:0009295","nucleoid","1/412","23/5202",0.85072861203334,0.999952486304134,0.822329347289584,"ATP5F1B",1
"GO:0042645","GO:0042645","mitochondrial nucleoid","1/412","23/5202",0.85072861203334,0.999952486304134,0.822329347289584,"ATP5F1B",1
"GO:0043209","GO:0043209","myelin sheath","1/412","23/5202",0.85072861203334,0.999952486304134,0.822329347289584,"HSP90AA1",1
"GO:1904115","GO:1904115","axon cytoplasm","1/412","23/5202",0.85072861203334,0.999952486304134,0.822329347289584,"HSPB1",1
"GO:0005759","GO:0005759","mitochondrial matrix","13/412","208/5202",0.852277257572737,0.999952486304134,0.822329347289584,"PRDX5/MCCC2/RPS3/MRPL41/MRPS26/CYP27A1/PDK4/ECHS1/ATP5F1B/MIPEP/ACAD8/GPX1/CHPF",13
"GO:0005667","GO:0005667","transcription regulator complex","7/412","122/5202",0.860858316563025,0.999952486304134,0.822329347289584,"FOS/JUN/JUND/HOXB13/NR4A1/H1-0/JUNB",7
"GO:0005782","GO:0005782","peroxisomal matrix","1/412","24/5202",0.862603455022771,0.999952486304134,0.822329347289584,"PRDX5",1
"GO:0031907","GO:0031907","microbody lumen","1/412","24/5202",0.862603455022771,0.999952486304134,0.822329347289584,"PRDX5",1
"GO:1902911","GO:1902911","protein kinase complex","1/412","24/5202",0.862603455022771,0.999952486304134,0.822329347289584,"CDKN1A",1
"GO:0043025","GO:0043025","neuronal cell body","10/412","167/5202",0.863358797280758,0.999952486304134,0.822329347289584,"CKB/HSP90AA1/ND1/HSP90AB1/FLNA/UBB/EEF1A2/RACK1/APOD/PPP1R1B",10
"GO:0031248","GO:0031248","protein acetyltransferase complex","1/412","25/5202",0.87353574094989,0.999952486304134,0.822329347289584,"ACTB",1
"GO:0034708","GO:0034708","methyltransferase complex","1/412","25/5202",0.87353574094989,0.999952486304134,0.822329347289584,"SNRPD2",1
"GO:0036126","GO:0036126","sperm flagellum","1/412","25/5202",0.87353574094989,0.999952486304134,0.822329347289584,"SLC26A3",1
"GO:0099699","GO:0099699","integral component of synaptic membrane","1/412","25/5202",0.87353574094989,0.999952486304134,0.822329347289584,"CLSTN1",1
"GO:1902493","GO:1902493","acetyltransferase complex","1/412","25/5202",0.87353574094989,0.999952486304134,0.822329347289584,"ACTB",1
"GO:0036477","GO:0036477","somatodendritic compartment","16/412","258/5202",0.881080526422731,0.999952486304134,0.822329347289584,"CKB/HSP90AA1/ND1/HSP90AB1/HSPA8/CLU/FLNA/UBB/RPLP0/RPS6/EEF1A2/CLSTN1/RACK1/APOD/PPP1R1B/RPL28",16
"GO:0035579","GO:0035579","specific granule membrane","2/412","45/5202",0.882226386625515,0.999952486304134,0.822329347289584,"CD177/VAMP8",2
"GO:0005923","GO:0005923","bicellular tight junction","2/412","46/5202",0.889699602486414,0.999952486304134,0.822329347289584,"CLDN4/CLDN3",2
"GO:0099568","GO:0099568","cytoplasmic region","3/412","64/5202",0.892483762183835,0.999952486304134,0.822329347289584,"ENO1/HSPB1/CLTA",3
"GO:0005905","GO:0005905","clathrin-coated pit","1/412","27/5202",0.892865331783584,0.999952486304134,0.822329347289584,"CLTA",1
"GO:0097729","GO:0097729","9+2 motile cilium","1/412","27/5202",0.892865331783584,0.999952486304134,0.822329347289584,"SLC26A3",1
"GO:0097060","GO:0097060","synaptic membrane","4/412","81/5202",0.893948868371236,0.999952486304134,0.822329347289584,"HSPA8/CLSTN1/CLTA/CHRNA2",4
"GO:0005778","GO:0005778","peroxisomal membrane","1/412","28/5202",0.901394700538204,0.999952486304134,0.822329347289584,"ARF1",1
"GO:0031903","GO:0031903","microbody membrane","1/412","28/5202",0.901394700538204,0.999952486304134,0.822329347289584,"ARF1",1
"GO:0098793","GO:0098793","presynapse","8/412","146/5202",0.902454004090412,0.999952486304134,0.822329347289584,"ACTG1/HSPA8/ACTB/NR4A1/TMED9/PDLIM5/CLTA/PTN",8
"GO:0043235","GO:0043235","receptor complex","5/412","99/5202",0.902653983241923,0.999952486304134,0.822329347289584,"HSP90AB1/B2M/CD74/TRGC1/CHRNA2",5
"GO:0030684","GO:0030684","preribosome","1/412","29/5202",0.909246533429248,0.999952486304134,0.822329347289584,"RPS7",1
"GO:0099240","GO:0099240","intrinsic component of synaptic membrane","1/412","29/5202",0.909246533429248,0.999952486304134,0.822329347289584,"CLSTN1",1
"GO:0005811","GO:0005811","lipid droplet","2/412","49/5202",0.909561361262251,0.999952486304134,0.822329347289584,"GAPDH/CAV1",2
"GO:0030496","GO:0030496","midbody","3/412","68/5202",0.914707755264712,0.999952486304134,0.822329347289584,"HSPA5/RACK1/CLIC4",3
"GO:0000313","GO:0000313","organellar ribosome","2/412","50/5202",0.915402623633003,0.999952486304134,0.822329347289584,"MRPL41/MRPS26",2
"GO:0005761","GO:0005761","mitochondrial ribosome","2/412","50/5202",0.915402623633003,0.999952486304134,0.822329347289584,"MRPL41/MRPS26",2
"GO:0016605","GO:0016605","PML body","1/412","30/5202",0.916474530380176,0.999952486304134,0.822329347289584,"BASP1",1
"GO:0034451","GO:0034451","centriolar satellite","1/412","30/5202",0.916474530380176,0.999952486304134,0.822329347289584,"KRT18",1
"GO:0071013","GO:0071013","catalytic step 2 spliceosome","2/412","51/5202",0.920888756650912,0.999952486304134,0.822329347289584,"SNRPD2/PABPC1",2
"GO:0030120","GO:0030120","vesicle coat","1/412","31/5202",0.923128144742776,0.999952486304134,0.822329347289584,"CLTA",1
"GO:0044291","GO:0044291","cell-cell contact zone","1/412","32/5202",0.92925291835832,0.999952486304134,0.822329347289584,"DES",1
"GO:0071005","GO:0071005","U2-type precatalytic spliceosome","1/412","32/5202",0.92925291835832,0.999952486304134,0.822329347289584,"SNRPD2",1
"GO:0071011","GO:0071011","precatalytic spliceosome","1/412","33/5202",0.934890790241564,0.999952486304134,0.822329347289584,"SNRPD2",1
"GO:1902494","GO:1902494","catalytic complex","29/412","466/5202",0.938484350504565,0.999952486304134,0.822329347289584,"NDUFB7/ENO1/P4HB/ND1/NDUFS5/ND4L/RPN2/NDUFA1/ND2/ACTB/MCCC2/OST4/DAD1/ND5/NOP10/SNRPD2/PABPC1/UQCRQ/PSME1/HSPB1/SMARCA1/SEC11C/ELOB/GNB2/SOCS3/CDKN1A/DPM3/GMPR/GNAS",29
"GO:0043197","GO:0043197","dendritic spine","2/412","55/5202",0.939658279830293,0.999952486304134,0.822329347289584,"CLSTN1/PPP1R1B",2
"GO:0044309","GO:0044309","neuron spine","2/412","55/5202",0.939658279830293,0.999952486304134,0.822329347289584,"CLSTN1/PPP1R1B",2
"GO:0000779","GO:0000779","condensed chromosome, centromeric region","1/412","34/5202",0.940080380959396,0.999952486304134,0.822329347289584,"NCAPD3",1
"GO:0030672","GO:0030672","synaptic vesicle membrane","1/412","35/5202",0.944857254613562,0.999952486304134,0.822329347289584,"CLTA",1
"GO:0042734","GO:0042734","presynaptic membrane","1/412","35/5202",0.944857254613562,0.999952486304134,0.822329347289584,"CLTA",1
"GO:0099501","GO:0099501","exocytic vesicle membrane","1/412","35/5202",0.944857254613562,0.999952486304134,0.822329347289584,"CLTA",1
"GO:0000315","GO:0000315","organellar large ribosomal subunit","1/412","36/5202",0.949254160187244,0.999952486304134,0.822329347289584,"MRPL41",1
"GO:0005762","GO:0005762","mitochondrial large ribosomal subunit","1/412","36/5202",0.949254160187244,0.999952486304134,0.822329347289584,"MRPL41",1
"GO:0120111","GO:0120111","neuron projection cytoplasm","1/412","36/5202",0.949254160187244,0.999952486304134,0.822329347289584,"HSPB1",1
"GO:0005681","GO:0005681","spliceosomal complex","4/412","96/5202",0.952843620764329,0.999952486304134,0.822329347289584,"HSPA8/YBX1/SNRPD2/PABPC1",4
"GO:0016529","GO:0016529","sarcoplasmic reticulum","1/412","37/5202",0.953301253877305,0.999952486304134,0.822329347289584,"CALR",1
"GO:0031514","GO:0031514","motile cilium","1/412","37/5202",0.953301253877305,0.999952486304134,0.822329347289584,"SLC26A3",1
"GO:0005777","GO:0005777","peroxisome","2/412","61/5202",0.960089731141563,0.999952486304134,0.822329347289584,"PRDX5/ARF1",2
"GO:0042579","GO:0042579","microbody","2/412","61/5202",0.960089731141563,0.999952486304134,0.822329347289584,"PRDX5/ARF1",2
"GO:0000922","GO:0000922","spindle pole","1/412","41/5202",0.966514913791922,0.999952486304134,0.822329347289584,"TPT1",1
"GO:0005819","GO:0005819","spindle","4/412","103/5202",0.968361203290589,0.999952486304134,0.822329347289584,"RPS3/HSPB1/TPT1/CLTA",4
"GO:0016528","GO:0016528","sarcoplasm","1/412","42/5202",0.969188011160209,0.999952486304134,0.822329347289584,"CALR",1
"GO:0097525","GO:0097525","spliceosomal snRNP complex","1/412","42/5202",0.969188011160209,0.999952486304134,0.822329347289584,"SNRPD2",1
"GO:0030117","GO:0030117","membrane coat","1/412","43/5202",0.971648193214859,0.999952486304134,0.822329347289584,"CLTA",1
"GO:0048475","GO:0048475","coated membrane","1/412","43/5202",0.971648193214859,0.999952486304134,0.822329347289584,"CLTA",1
"GO:0072686","GO:0072686","mitotic spindle","1/412","43/5202",0.971648193214859,0.999952486304134,0.822329347289584,"RPS3",1
"GO:0000785","GO:0000785","chromatin","18/412","331/5202",0.971736991840974,0.999952486304134,0.822329347289584,"H1-2/H2AJ/FOS/SPDEF/ACTB/NCAPD3/JUN/FOSB/JUND/HOXB13/NR4A1/H1-0/EGR1/BASP1/SMARCA1/BHLHE40/JUNB/CEBPD",18
"GO:0008021","GO:0008021","synaptic vesicle","2/412","67/5202",0.973799134750604,0.999952486304134,0.822329347289584,"TMED9/CLTA",2
"GO:0061695","GO:0061695","transferase complex, transferring phosphorus-containing groups","2/412","67/5202",0.973799134750604,0.999952486304134,0.822329347289584,"SOCS3/CDKN1A",2
"GO:0000775","GO:0000775","chromosome, centromeric region","1/412","45/5202",0.97599615352249,0.999952486304134,0.822329347289584,"NCAPD3",1
"GO:0005635","GO:0005635","nuclear envelope","8/412","179/5202",0.977518723521025,0.999952486304134,0.822329347289584,"CALR/GPX4/NR4A1/YBX1/SCGB1A1/GAPDH/PTGS2/EIF5A",8
"GO:0030532","GO:0030532","small nuclear ribonucleoprotein complex","1/412","46/5202",0.977913854656625,0.999952486304134,0.822329347289584,"SNRPD2",1
"GO:0031461","GO:0031461","cullin-RING ubiquitin ligase complex","1/412","47/5202",0.979678690165056,0.999952486304134,0.822329347289584,"ELOB",1
"GO:0005684","GO:0005684","U2-type spliceosomal complex","1/412","48/5202",0.981302818128586,0.999952486304134,0.822329347289584,"SNRPD2",1
"GO:0120114","GO:0120114","Sm-like protein family complex","1/412","48/5202",0.981302818128586,0.999952486304134,0.822329347289584,"SNRPD2",1
"GO:0031965","GO:0031965","nuclear membrane","4/412","114/5202",0.983478429664641,0.999952486304134,0.822329347289584,"NR4A1/YBX1/GAPDH/PTGS2",4
"GO:0032838","GO:0032838","plasma membrane bounded cell projection cytoplasm","1/412","50/5202",0.984172836061879,0.999952486304134,0.822329347289584,"HSPB1",1
"GO:0070382","GO:0070382","exocytic vesicle","2/412","75/5202",0.985197631021116,0.999952486304134,0.822329347289584,"TMED9/CLTA",2
"GO:0005874","GO:0005874","microtubule","4/412","118/5202",0.987035032868579,0.999952486304134,0.822329347289584,"TUBB4B/DCXR/TPT1/RASSF3",4
"GO:0000228","GO:0000228","nuclear chromosome","1/412","54/5202",0.988661148509503,0.999952486304134,0.822329347289584,"JUN",1
"GO:0000793","GO:0000793","condensed chromosome","1/412","54/5202",0.988661148509503,0.999952486304134,0.822329347289584,"NCAPD3",1
"GO:1990234","GO:1990234","transferase complex","9/412","219/5202",0.992737300002857,0.999952486304134,0.822329347289584,"RPN2/ACTB/OST4/DAD1/SNRPD2/ELOB/SOCS3/CDKN1A/DPM3",9
"GO:0015630","GO:0015630","microtubule cytoskeleton","17/412","360/5202",0.995086982429443,0.999952486304134,0.822329347289584,"YWHAE/KRT18/ACTG2/ACTA2/RPS3/TUBB4B/DCXR/GAPDH/HSPB1/RPS7/TPT1/CLTA/ACTA1/RASSF3/CLIC4/HSPA6/HSPA1B",17
"GO:0140513","GO:0140513","nuclear protein-containing complex","16/412","355/5202",0.996988571750423,0.999952486304134,0.822329347289584,"HSPA8/FOS/FLNA/ACTB/JUN/JUND/YBX1/RPS3/NOP10/SNRPD2/PABPC1/SMARCA1/ELOB/CDKN1A/JUNB/EIF5A",16
"GO:0005929","GO:0005929","cilium","2/412","109/5202",0.998808549212353,0.999952486304134,0.822329347289584,"SLC26A3/CAV1",2
"GO:0005813","GO:0005813","centrosome","4/412","160/5202",0.999130567916203,0.999952486304134,0.822329347289584,"KRT18/RPS7/CLIC4/HSPA1B",4
"GO:0000151","GO:0000151","ubiquitin ligase complex","1/412","87/5202",0.999283541312034,0.999952486304134,0.822329347289584,"ELOB",1
"GO:0098687","GO:0098687","chromosomal region","1/412","88/5202",0.999341250203421,0.999952486304134,0.822329347289584,"NCAPD3",1
"GO:0016604","GO:0016604","nuclear body","9/412","269/5202",0.999508345849938,0.999952486304134,0.822329347289584,"RPN2/NEAT1/H1-0/NOP10/BASP1/CDKN1A/BHLHE40/TCIM/HSPA1B",9
"GO:0016607","GO:0016607","nuclear speck","3/412","148/5202",0.999588052076143,0.999952486304134,0.822329347289584,"BASP1/TCIM/HSPA1B",3
"GO:0140535","GO:0140535","intracellular protein-containing complex","7/412","234/5202",0.999599450997334,0.999952486304134,0.822329347289584,"HSP90AB1/FTL/ACTB/PSME1/HSPB1/ELOB/DPM3",7
"GO:0005815","GO:0005815","microtubule organizing center","5/412","205/5202",0.999817234999225,0.999952486304134,0.822329347289584,"KRT18/RPS7/CLIC4/HSPA6/HSPA1B",5
"GO:0005694","GO:0005694","chromosome","18/412","474/5202",0.999952486304134,0.999952486304134,0.822329347289584,"H1-2/H2AJ/FOS/SPDEF/ACTB/NCAPD3/JUN/FOSB/JUND/HOXB13/NR4A1/H1-0/EGR1/BASP1/SMARCA1/BHLHE40/JUNB/CEBPD",18
